date,region,segment,deals_total,deals_won,units,avg_unit_price,discount_pct,revenue_booked,invoice_delay_days,revenue_recognized
2026-04-06,North,ENT,4,1,1,9156.85,6.49,9156.85,0,9156.85
2026-04-06,North,MID,7,2,4,3341.99,6.11,6683.97,0,6683.97
2026-04-06,North,SMB,11,4,12,1352.6,7.09,5410.4,0,5410.4
2026-04-06,South,ENT,3,1,1,9119.19,5.77,9119.19,0,9119.19
2026-04-06,South,MID,6,2,4,3444.78,4.59,6889.56,0,6889.56
2026-04-06,South,SMB,12,4,12,1380.2,5.21,5520.81,0,5520.81
2026-04-06,East,ENT,2,1,1,9092.99,6.9,9092.99,0,9092.99
2026-04-06,East,MID,6,2,4,3380.7,4.3,6761.41,0,6761.41
2026-04-06,East,SMB,10,3,9,1390.68,4.23,4172.04,0,4172.04
2026-04-06,West,ENT,3,1,1,8996.02,6.09,8996.02,0,8996.02
2026-04-06,West,MID,5,2,4,3318.1,5.28,6636.21,0,6636.21
2026-04-06,West,SMB,9,3,9,1382.64,6.28,4147.91,0,4147.91
2026-04-07,North,ENT,3,1,1,9352.11,6.0,9352.11,0,9352.11
2026-04-07,North,MID,6,2,4,3465.01,4.79,6930.02,0,6930.02
2026-04-07,North,SMB,12,4,12,1354.73,6.83,5418.93,0,5418.93
2026-04-07,South,ENT,3,1,1,9280.93,4.67,9280.93,0,9280.93
2026-04-07,South,MID,7,3,6,3314.04,6.1,9942.12,0,9942.12
2026-04-07,South,SMB,13,4,12,1376.27,6.32,5505.1,0,5505.1
2026-04-07,East,ENT,2,1,1,9081.23,6.37,9081.23,0,9081.23
2026-04-07,East,MID,5,2,4,3359.43,5.95,6718.86,0,6718.86
2026-04-07,East,SMB,12,4,12,1313.9,7.23,5255.62,0,5255.62
2026-04-07,West,ENT,2,1,1,9099.78,5.9,9099.78,0,9099.78
2026-04-07,West,MID,5,2,4,3396.84,7.14,6793.69,0,6793.69
2026-04-07,West,SMB,10,3,9,1356.17,5.88,4068.52,0,4068.52
2026-04-08,North,ENT,3,1,1,9280.27,6.16,9280.27,0,9280.27
2026-04-08,North,MID,7,3,6,3364.62,6.65,10093.87,0,10093.87
2026-04-08,North,SMB,12,4,12,1351.03,6.66,5404.13,0,5404.13
2026-04-08,South,ENT,2,1,1,9291.16,5.36,9291.16,0,9291.16
2026-04-08,South,MID,7,2,4,3377.74,6.32,6755.48,0,6755.48
2026-04-08,South,SMB,14,5,15,1339.12,5.45,6695.6,0,6695.6
2026-04-08,East,ENT,3,1,1,9229.14,6.34,9229.14,0,9229.14
2026-04-08,East,MID,5,2,4,3313.68,5.5,6627.36,0,6627.36
2026-04-08,East,SMB,11,3,9,1373.51,4.82,4120.54,0,4120.54
2026-04-08,West,ENT,3,1,1,9269.01,6.98,9269.01,0,9269.01
2026-04-08,West,MID,5,2,4,3411.43,4.8,6822.87,0,6822.87
2026-04-08,West,SMB,9,3,9,1360.9,6.72,4082.7,0,4082.7
2026-04-09,North,ENT,3,1,1,9352.81,5.89,9352.81,0,9352.81
2026-04-09,North,MID,6,2,4,3368.33,7.5,6736.66,0,6736.66
2026-04-09,North,SMB,12,4,12,1340.41,7.7,5361.62,0,5361.62
2026-04-09,South,ENT,2,1,1,8945.1,5.36,8945.1,0,8945.1
2026-04-09,South,MID,5,2,4,3346.38,6.99,6692.77,0,6692.77
2026-04-09,South,SMB,12,4,12,1382.45,5.4,5529.78,0,5529.78
2026-04-09,East,ENT,3,1,1,9108.65,7.31,9108.65,0,9108.65
2026-04-09,East,MID,4,1,2,3481.79,5.11,3481.79,0,3481.79
2026-04-09,East,SMB,9,3,9,1361.01,6.88,4083.03,0,4083.03
2026-04-09,West,ENT,3,1,1,9140.49,6.64,9140.49,0,9140.49
2026-04-09,West,MID,5,2,4,3410.1,4.25,6820.21,0,6820.21
2026-04-09,West,SMB,11,4,12,1330.8,6.49,5323.21,0,5323.21
2026-04-10,North,ENT,3,1,1,9393.88,3.93,9393.88,0,9393.88
2026-04-10,North,MID,6,2,4,3512.43,4.44,7024.86,0,7024.86
2026-04-10,North,SMB,9,3,9,1400.08,5.34,4200.24,0,4200.24
2026-04-10,South,ENT,2,1,1,9293.22,7.7,9293.22,0,9293.22
2026-04-10,South,MID,4,1,2,3427.02,4.34,3427.02,0,3427.02
2026-04-10,South,SMB,11,3,9,1350.23,5.41,4050.7,0,4050.7
2026-04-10,East,ENT,2,1,1,9257.43,4.53,9257.43,0,9257.43
2026-04-10,East,MID,5,2,4,3274.7,8.03,6549.41,0,6549.41
2026-04-10,East,SMB,9,3,9,1341.98,7.1,4025.93,0,4025.93
2026-04-10,West,ENT,3,1,1,9047.0,6.94,9047.0,0,9047.0
2026-04-10,West,MID,5,2,4,3439.48,4.92,6878.97,0,6878.97
2026-04-10,West,SMB,10,3,9,1365.05,6.78,4095.14,0,4095.14
2026-04-11,North,ENT,2,1,1,9179.88,5.03,9179.88,0,9179.88
2026-04-11,North,MID,3,1,2,3390.77,5.8,3390.77,0,3390.77
2026-04-11,North,SMB,7,3,9,1362.37,5.27,4087.12,0,4087.12
2026-04-11,South,ENT,2,1,1,9290.12,5.93,9290.12,0,9290.12
2026-04-11,South,MID,3,1,2,3367.52,6.95,3367.52,0,3367.52
2026-04-11,South,SMB,8,3,9,1390.79,5.34,4172.36,0,4172.36
2026-04-11,East,ENT,1,0,0,9481.04,5.35,0.0,0,0.0
2026-04-11,East,MID,3,1,2,3396.14,6.53,3396.14,0,3396.14
2026-04-11,East,SMB,5,2,6,1345.73,5.2,2691.47,0,2691.47
2026-04-11,West,ENT,1,0,0,9207.12,5.13,0.0,0,0.0
2026-04-11,West,MID,3,1,2,3576.2,5.22,3576.2,0,3576.2
2026-04-11,West,SMB,7,2,6,1372.61,5.3,2745.22,0,2745.22
2026-04-12,North,ENT,2,1,1,9254.1,6.17,9254.1,0,9254.1
2026-04-12,North,MID,4,1,2,3456.73,6.45,3456.73,0,3456.73
2026-04-12,North,SMB,6,2,6,1371.85,7.02,2743.69,0,2743.69
2026-04-12,South,ENT,1,0,0,9309.57,6.67,0.0,0,0.0
2026-04-12,South,MID,3,1,2,3443.54,6.15,3443.54,0,3443.54
2026-04-12,South,SMB,7,2,6,1347.13,6.04,2694.26,0,2694.26
2026-04-12,East,ENT,1,0,0,9061.88,5.31,0.0,0,0.0
2026-04-12,East,MID,2,1,2,3415.21,5.15,3415.21,0,3415.21
2026-04-12,East,SMB,6,2,6,1370.77,6.13,2741.54,0,2741.54
2026-04-12,West,ENT,1,0,0,9181.89,6.12,0.0,0,0.0
2026-04-12,West,MID,3,1,2,3354.09,6.31,3354.09,0,3354.09
2026-04-12,West,SMB,5,2,6,1376.62,6.2,2753.24,0,2753.24
2026-04-13,North,ENT,3,1,1,9284.11,4.74,9284.11,0,9284.11
2026-04-13,North,MID,7,2,4,3391.24,5.45,6782.48,0,6782.48
2026-04-13,North,SMB,11,4,12,1316.64,8.25,5266.56,0,5266.56
2026-04-13,South,ENT,3,1,1,9088.54,7.84,9088.54,0,9088.54
2026-04-13,South,MID,6,2,4,3491.09,3.82,6982.18,0,6982.18
2026-04-13,South,SMB,13,4,12,1386.12,5.04,5544.5,0,5544.5
2026-04-13,East,ENT,3,1,1,9392.55,5.0,9392.55,0,9392.55
2026-04-13,East,MID,5,2,4,3419.65,3.69,6839.29,0,6839.29
2026-04-13,East,SMB,10,3,9,1368.52,4.85,4105.56,0,4105.56
2026-04-13,West,ENT,2,1,1,8988.47,6.47,8988.47,0,8988.47
2026-04-13,West,MID,5,2,4,3421.79,4.65,6843.59,0,6843.59
2026-04-13,West,SMB,9,3,9,1403.94,5.28,4211.82,0,4211.82
2026-04-14,North,ENT,4,1,1,9199.32,6.01,9199.32,0,9199.32
2026-04-14,North,MID,6,2,4,3464.67,5.63,6929.33,0,6929.33
2026-04-14,North,SMB,12,4,12,1386.69,5.8,5546.74,0,5546.74
2026-04-14,South,ENT,2,1,1,9191.23,4.94,9191.23,0,9191.23
2026-04-14,South,MID,6,2,4,3413.51,5.06,6827.02,0,6827.02
2026-04-14,South,SMB,11,4,12,1345.67,6.14,5382.68,0,5382.68
2026-04-14,East,ENT,2,1,1,8776.58,7.73,8776.58,0,8776.58
2026-04-14,East,MID,5,2,4,3446.9,5.03,6893.8,0,6893.8
2026-04-14,East,SMB,10,3,9,1329.46,6.06,3988.39,0,3988.39
2026-04-14,West,ENT,3,1,1,9392.49,5.02,9392.49,0,9392.49
2026-04-14,West,MID,6,2,4,3327.22,7.96,6654.44,0,6654.44
2026-04-14,West,SMB,13,5,15,1358.51,5.42,6792.56,0,6792.56
2026-04-15,North,ENT,3,1,1,9137.36,6.22,9137.36,0,9137.36
2026-04-15,North,MID,8,3,6,3453.49,5.27,10360.48,0,10360.48
2026-04-15,North,SMB,12,4,12,1417.17,5.46,5668.67,0,5668.67
2026-04-15,South,ENT,3,1,1,8947.22,7.85,8947.22,0,8947.22
2026-04-15,South,MID,6,2,4,3343.35,4.85,6686.69,0,6686.69
2026-04-15,South,SMB,14,4,12,1407.98,4.73,5631.92,0,5631.92
2026-04-15,East,ENT,2,1,1,9252.79,6.58,9252.79,0,9252.79
2026-04-15,East,MID,6,2,4,3387.04,5.2,6774.07,0,6774.07
2026-04-15,East,SMB,8,3,9,1333.9,7.21,4001.7,0,4001.7
2026-04-15,West,ENT,2,1,1,9136.69,5.03,9136.69,0,9136.69
2026-04-15,West,MID,5,2,4,3304.41,6.25,6608.82,0,6608.82
2026-04-15,West,SMB,10,4,12,1365.11,5.36,5460.42,0,5460.42
2026-04-16,North,ENT,3,1,1,9236.02,6.07,9236.02,0,9236.02
2026-04-16,North,MID,6,2,4,3517.66,4.0,7035.33,0,7035.33
2026-04-16,North,SMB,11,4,12,1348.51,5.4,5394.06,0,5394.06
2026-04-16,South,ENT,3,1,1,9249.53,6.38,9249.53,0,9249.53
2026-04-16,South,MID,6,2,4,3373.34,7.01,6746.68,0,6746.68
2026-04-16,South,SMB,10,3,9,1318.99,6.3,3956.97,0,3956.97
2026-04-16,East,ENT,2,1,1,9487.49,3.93,9487.49,0,9487.49
2026-04-16,East,MID,5,2,4,3355.18,6.33,6710.37,0,6710.37
2026-04-16,East,SMB,10,4,12,1367.64,6.06,5470.57,0,5470.57
2026-04-16,West,ENT,3,1,1,8817.83,7.34,8817.83,0,8817.83
2026-04-16,West,MID,6,2,4,3387.82,6.32,6775.64,0,6775.64
2026-04-16,West,SMB,11,4,12,1374.32,4.76,5497.28,0,5497.28
2026-04-17,North,ENT,3,1,1,9161.58,5.25,9161.58,0,9161.58
2026-04-17,North,MID,6,2,4,3397.23,7.01,6794.46,0,6794.46
2026-04-17,North,SMB,9,3,9,1342.49,6.15,4027.47,0,4027.47
2026-04-17,South,ENT,2,1,1,9192.23,6.39,9192.23,0,9192.23
2026-04-17,South,MID,6,2,4,3386.33,6.87,6772.67,0,6772.67
2026-04-17,South,SMB,11,3,9,1292.13,7.89,3876.39,0,3876.39
2026-04-17,East,ENT,2,1,1,9149.37,6.01,9149.37,0,9149.37
2026-04-17,East,MID,5,2,4,3428.77,5.87,6857.55,0,6857.55
2026-04-17,East,SMB,10,4,12,1349.81,6.64,5399.24,0,5399.24
2026-04-17,West,ENT,2,1,1,9412.55,5.45,9412.55,0,9412.55
2026-04-17,West,MID,5,2,4,3317.72,4.96,6635.45,0,6635.45
2026-04-17,West,SMB,9,3,9,1356.73,6.98,4070.2,0,4070.2
2026-04-18,North,ENT,2,1,1,9299.22,6.19,9299.22,0,9299.22
2026-04-18,North,MID,4,1,2,3480.68,6.56,3480.68,0,3480.68
2026-04-18,North,SMB,7,2,6,1337.0,5.4,2673.99,0,2673.99
2026-04-18,South,ENT,1,0,0,9185.54,7.24,0.0,0,0.0
2026-04-18,South,MID,4,2,4,3354.07,6.39,6708.15,0,6708.15
2026-04-18,South,SMB,7,2,6,1337.45,7.36,2674.89,0,2674.89
2026-04-18,East,ENT,2,1,1,9283.21,6.16,9283.21,0,9283.21
2026-04-18,East,MID,3,1,2,3281.47,6.96,3281.47,0,3281.47
2026-04-18,East,SMB,6,2,6,1360.3,5.82,2720.59,0,2720.59
2026-04-18,West,ENT,2,1,1,9265.54,5.62,9265.54,0,9265.54
2026-04-18,West,MID,3,1,2,3356.12,6.93,3356.12,0,3356.12
2026-04-18,West,SMB,6,2,6,1319.27,8.15,2638.54,0,2638.54
2026-04-19,North,ENT,2,1,1,8936.15,7.1,8936.15,0,8936.15
2026-04-19,North,MID,3,1,2,3314.97,6.3,3314.97,0,3314.97
2026-04-19,North,SMB,7,2,6,1332.88,5.59,2665.77,0,2665.77
2026-04-19,South,ENT,1,0,0,9378.88,4.05,0.0,0,0.0
2026-04-19,South,MID,3,1,2,3513.46,4.24,3513.46,0,3513.46
2026-04-19,South,SMB,7,2,6,1367.86,5.65,2735.71,0,2735.71
2026-04-19,East,ENT,1,0,0,9310.58,5.54,0.0,0,0.0
2026-04-19,East,MID,3,1,2,3328.09,5.26,3328.09,0,3328.09
2026-04-19,East,SMB,5,2,6,1363.81,5.32,2727.62,0,2727.62
2026-04-19,West,ENT,1,0,0,8899.87,7.04,0.0,0,0.0
2026-04-19,West,MID,3,1,2,3354.51,6.72,3354.51,0,3354.51
2026-04-19,West,SMB,5,2,6,1378.93,6.18,2757.86,0,2757.86
2026-04-20,North,ENT,3,1,1,9244.53,5.95,9244.53,0,9244.53
2026-04-20,North,MID,7,3,6,3367.47,7.17,10102.42,0,10102.42
2026-04-20,North,SMB,12,4,12,1352.21,4.85,5408.83,0,5408.83
2026-04-20,South,ENT,3,1,1,9046.42,5.46,9046.42,0,9046.42
2026-04-20,South,MID,6,2,4,3348.11,7.85,6696.21,0,6696.21
2026-04-20,South,SMB,15,5,15,1398.1,4.67,6990.52,0,6990.52
2026-04-20,East,ENT,2,1,1,9312.93,6.36,9312.93,0,9312.93
2026-04-20,East,MID,4,1,2,3340.18,6.71,3340.18,0,3340.18
2026-04-20,East,SMB,9,3,9,1352.58,6.07,4057.74,0,4057.74
2026-04-20,West,ENT,3,1,1,9035.32,5.74,9035.32,0,9035.32
2026-04-20,West,MID,4,1,2,3339.04,6.54,3339.04,0,3339.04
2026-04-20,West,SMB,11,4,12,1371.42,5.84,5485.69,0,5485.69
2026-04-21,North,ENT,3,1,1,9193.02,7.15,9193.02,0,9193.02
2026-04-21,North,MID,7,2,4,3406.3,4.62,6812.59,0,6812.59
2026-04-21,North,SMB,11,4,12,1353.36,5.8,5413.43,0,5413.43
2026-04-21,South,ENT,3,1,1,9206.54,6.34,9206.54,0,9206.54
2026-04-21,South,MID,6,2,4,3325.74,7.76,6651.48,0,6651.48
2026-04-21,South,SMB,12,4,12,1321.53,7.57,5286.12,0,5286.12
2026-04-21,East,ENT,2,1,1,9045.63,7.22,9045.63,0,9045.63
2026-04-21,East,MID,5,2,4,3397.75,5.21,6795.5,0,6795.5
2026-04-21,East,SMB,9,3,9,1350.92,6.12,4052.75,0,4052.75
2026-04-21,West,ENT,2,1,1,9193.2,6.41,9193.2,0,9193.2
2026-04-21,West,MID,6,2,4,3314.89,6.9,6629.77,0,6629.77
2026-04-21,West,SMB,11,4,12,1360.67,5.48,5442.68,0,5442.68
2026-04-22,North,ENT,3,1,1,9112.22,4.83,9112.22,0,9112.22
2026-04-22,North,MID,7,3,6,3566.14,3.72,10698.41,0,10698.41
2026-04-22,North,SMB,11,4,12,1368.99,6.61,5475.96,0,5475.96
2026-04-22,South,ENT,3,1,1,9200.21,6.39,9200.21,0,9200.21
2026-04-22,South,MID,5,2,4,3369.85,5.39,6739.71,0,6739.71
2026-04-22,South,SMB,11,4,12,1367.39,5.56,5469.55,0,5469.55
2026-04-22,East,ENT,2,1,1,9223.52,6.62,9223.52,0,9223.52
2026-04-22,East,MID,5,2,4,3381.25,4.25,6762.5,0,6762.5
2026-04-22,East,SMB,10,3,9,1362.61,5.0,4087.82,0,4087.82
2026-04-22,West,ENT,3,1,1,9207.5,6.34,9207.5,0,9207.5
2026-04-22,West,MID,5,2,4,3401.49,5.9,6802.98,0,6802.98
2026-04-22,West,SMB,11,4,12,1343.42,7.35,5373.7,0,5373.7
2026-04-23,North,ENT,3,1,1,9256.18,5.86,9256.18,0,9256.18
2026-04-23,North,MID,7,3,6,3394.42,6.25,10183.27,0,10183.27
2026-04-23,North,SMB,12,4,12,1354.24,6.12,5416.98,0,5416.98
2026-04-23,South,ENT,3,1,1,9205.46,5.08,9205.46,0,9205.46
2026-04-23,South,MID,6,2,4,3346.2,6.42,6692.41,0,6692.41
2026-04-23,South,SMB,12,4,12,1382.6,4.81,5530.4,0,5530.4
2026-04-23,East,ENT,2,1,1,9328.04,5.0,9328.04,0,9328.04
2026-04-23,East,MID,5,2,4,3321.07,6.94,6642.14,0,6642.14
2026-04-23,East,SMB,9,3,9,1319.28,7.29,3957.84,0,3957.84
2026-04-23,West,ENT,3,1,1,9128.54,5.13,9128.54,0,9128.54
2026-04-23,West,MID,5,2,4,3384.96,5.05,6769.91,0,6769.91
2026-04-23,West,SMB,8,2,6,1376.2,5.42,2752.39,0,2752.39
2026-04-24,North,ENT,3,1,1,9106.68,7.43,9106.68,0,9106.68
2026-04-24,North,MID,7,2,4,3458.61,4.88,6917.21,0,6917.21
2026-04-24,North,SMB,9,3,9,1378.44,6.36,4135.33,0,4135.33
2026-04-24,South,ENT,3,1,1,9287.38,6.19,9287.38,0,9287.38
2026-04-24,South,MID,5,2,4,3411.76,4.63,6823.52,0,6823.52
2026-04-24,South,SMB,14,5,15,1368.5,7.15,6842.48,0,6842.48
2026-04-24,East,ENT,3,1,1,9324.49,6.73,9324.49,0,9324.49
2026-04-24,East,MID,4,1,2,3260.2,7.22,3260.2,0,3260.2
2026-04-24,East,SMB,10,4,12,1365.26,5.96,5461.03,0,5461.03
2026-04-24,West,ENT,2,1,1,9437.77,6.02,9437.77,0,9437.77
2026-04-24,West,MID,5,2,4,3390.69,5.33,6781.39,0,6781.39
2026-04-24,West,SMB,9,3,9,1335.36,7.49,4006.07,0,4006.07
2026-04-25,North,ENT,2,1,1,9282.57,6.01,9282.57,0,9282.57
2026-04-25,North,MID,4,1,2,3361.94,6.11,3361.94,0,3361.94
2026-04-25,North,SMB,7,2,6,1373.41,4.7,2746.82,0,2746.82
2026-04-25,South,ENT,2,1,1,9632.63,4.99,9632.63,0,9632.63
2026-04-25,South,MID,4,1,2,3410.58,7.18,3410.58,0,3410.58
2026-04-25,South,SMB,8,3,9,1357.11,5.62,4071.32,0,4071.32
2026-04-25,East,ENT,1,0,0,9307.59,5.26,0.0,0,0.0
2026-04-25,East,MID,3,1,2,3362.5,6.15,3362.5,0,3362.5
2026-04-25,East,SMB,6,2,6,1355.65,4.63,2711.31,0,2711.31
2026-04-25,West,ENT,2,1,1,9376.11,5.08,9376.11,0,9376.11
2026-04-25,West,MID,4,1,2,3311.69,6.1,3311.69,0,3311.69
2026-04-25,West,SMB,6,2,6,1376.98,5.44,2753.96,0,2753.96
2026-04-26,North,ENT,2,1,1,9628.95,4.61,9628.95,0,9628.95
2026-04-26,North,MID,3,1,2,3388.59,6.31,3388.59,0,3388.59
2026-04-26,North,SMB,6,2,6,1371.39,5.87,2742.78,0,2742.78
2026-04-26,South,ENT,1,0,0,9235.45,6.06,0.0,0,0.0
2026-04-26,South,MID,3,1,2,3299.81,4.87,3299.81,0,3299.81
2026-04-26,South,SMB,6,2,6,1381.65,5.83,2763.3,0,2763.3
2026-04-26,East,ENT,1,0,0,9084.49,7.55,0.0,0,0.0
2026-04-26,East,MID,2,1,2,3423.52,5.2,3423.52,0,3423.52
2026-04-26,East,SMB,5,2,6,1360.45,5.78,2720.89,0,2720.89
2026-04-26,West,ENT,1,0,0,9160.42,6.18,0.0,0,0.0
2026-04-26,West,MID,2,1,2,3334.24,6.42,3334.24,0,3334.24
2026-04-26,West,SMB,5,2,6,1371.67,4.76,2743.34,0,2743.34
2026-04-27,North,ENT,3,1,1,9265.05,5.01,9265.05,0,9265.05
2026-04-27,North,MID,7,2,4,3436.49,4.88,6872.98,0,6872.98
2026-04-27,North,SMB,11,4,12,1340.67,5.43,5362.66,0,5362.66
2026-04-27,South,ENT,3,1,1,9610.28,5.12,9610.28,0,9610.28
2026-04-27,South,MID,6,2,4,3360.43,6.36,6720.87,0,6720.87
2026-04-27,South,SMB,13,4,12,1350.61,6.64,5402.42,0,5402.42
2026-04-27,East,ENT,2,1,1,9196.82,5.28,9196.82,0,9196.82
2026-04-27,East,MID,5,2,4,3489.89,5.23,6979.79,0,6979.79
2026-04-27,East,SMB,10,4,12,1337.15,6.72,5348.61,0,5348.61
2026-04-27,West,ENT,3,1,1,9399.43,5.74,9399.43,0,9399.43
2026-04-27,West,MID,5,2,4,3473.05,6.52,6946.09,0,6946.09
2026-04-27,West,SMB,11,4,12,1376.33,6.55,5505.31,0,5505.31
2026-04-28,North,ENT,3,1,1,9067.67,6.34,9067.67,0,9067.67
2026-04-28,North,MID,8,3,6,3373.06,5.58,10119.17,0,10119.17
2026-04-28,North,SMB,10,4,12,1359.59,5.77,5438.37,0,5438.37
2026-04-28,South,ENT,2,1,1,9157.68,5.99,9157.68,0,9157.68
2026-04-28,South,MID,4,1,2,3415.72,4.3,3415.72,0,3415.72
2026-04-28,South,SMB,15,5,15,1346.5,6.3,6732.51,0,6732.51
2026-04-28,East,ENT,2,1,1,9153.81,5.84,9153.81,0,9153.81
2026-04-28,East,MID,5,2,4,3506.01,4.86,7012.01,0,7012.01
2026-04-28,East,SMB,10,3,9,1330.68,7.33,3992.04,0,3992.04
2026-04-28,West,ENT,3,1,1,9139.21,6.02,9139.21,0,9139.21
2026-04-28,West,MID,6,2,4,3435.51,4.06,6871.03,0,6871.03
2026-04-28,West,SMB,11,4,12,1358.18,5.88,5432.72,0,5432.72
2026-04-29,North,ENT,4,1,1,9315.14,5.48,9315.14,0,9315.14
2026-04-29,North,MID,6,2,4,3436.36,6.21,6872.72,0,6872.72
2026-04-29,North,SMB,10,4,12,1384.12,6.39,5536.47,0,5536.47
2026-04-29,South,ENT,3,1,1,9071.88,7.57,9071.88,0,9071.88
2026-04-29,South,MID,7,2,4,3341.97,5.28,6683.94,0,6683.94
2026-04-29,South,SMB,10,3,9,1325.35,6.81,3976.05,0,3976.05
2026-04-29,East,ENT,3,1,1,9147.36,5.28,9147.36,0,9147.36
2026-04-29,East,MID,5,2,4,3406.31,5.42,6812.62,0,6812.62
2026-04-29,East,SMB,10,3,9,1382.92,4.91,4148.75,0,4148.75
2026-04-29,West,ENT,3,1,1,9042.9,6.09,9042.9,0,9042.9
2026-04-29,West,MID,6,2,4,3395.94,6.6,6791.87,0,6791.87
2026-04-29,West,SMB,12,5,15,1346.93,7.22,6734.65,0,6734.65
2026-04-30,North,ENT,3,1,1,9523.44,4.9,9523.44,0,9523.44
2026-04-30,North,MID,5,2,4,3449.62,5.77,6899.24,0,6899.24
2026-04-30,North,SMB,13,4,12,1359.43,7.04,5437.73,0,5437.73
2026-04-30,South,ENT,3,1,1,8981.09,7.7,8981.09,0,8981.09
2026-04-30,South,MID,5,2,4,3282.87,6.09,6565.73,0,6565.73
2026-04-30,South,SMB,12,4,12,1360.61,7.18,5442.46,0,5442.46
2026-04-30,East,ENT,2,1,1,9302.97,6.38,9302.97,0,9302.97
2026-04-30,East,MID,5,2,4,3464.71,5.02,6929.42,0,6929.42
2026-04-30,East,SMB,8,3,9,1366.38,6.09,4099.13,0,4099.13
2026-04-30,West,ENT,3,1,1,8933.49,7.21,8933.49,0,8933.49
2026-04-30,West,MID,5,2,4,3480.44,5.41,6960.88,0,6960.88
2026-04-30,West,SMB,8,3,9,1330.3,6.21,3990.9,0,3990.9
2026-05-01,North,ENT,3,1,1,9309.25,3.19,9309.25,0,9309.25
2026-05-01,North,MID,6,2,4,3338.07,6.11,6676.13,0,6676.13
2026-05-01,North,SMB,10,3,9,1340.59,5.98,4021.78,0,4021.78
2026-05-01,South,ENT,3,1,1,9132.02,5.73,9132.02,0,9132.02
2026-05-01,South,MID,5,2,4,3288.38,6.63,6576.75,0,6576.75
2026-05-01,South,SMB,12,4,12,1328.84,7.7,5315.38,0,5315.38
2026-05-01,East,ENT,2,1,1,9258.81,5.78,9258.81,0,9258.81
2026-05-01,East,MID,5,2,4,3415.98,5.05,6831.96,0,6831.96
2026-05-01,East,SMB,10,3,9,1336.4,6.16,4009.2,0,4009.2
2026-05-01,West,ENT,2,1,1,9118.02,7.11,9118.02,0,9118.02
2026-05-01,West,MID,5,2,4,3391.22,6.24,6782.44,0,6782.44
2026-05-01,West,SMB,9,3,9,1366.61,5.96,4099.84,0,4099.84
2026-05-02,North,ENT,2,1,1,9104.08,6.04,9104.08,0,9104.08
2026-05-02,North,MID,4,1,2,3367.9,5.07,3367.9,0,3367.9
2026-05-02,North,SMB,8,3,9,1387.91,5.96,4163.73,0,4163.73
2026-05-02,South,ENT,2,1,1,9163.79,5.49,9163.79,0,9163.79
2026-05-02,South,MID,3,1,2,3403.89,5.38,3403.89,0,3403.89
2026-05-02,South,SMB,7,2,6,1326.83,6.22,2653.66,0,2653.66
2026-05-02,East,ENT,1,0,0,9454.24,3.98,0.0,0,0.0
2026-05-02,East,MID,3,1,2,3365.81,6.46,3365.81,0,3365.81
2026-05-02,East,SMB,6,2,6,1363.67,6.42,2727.35,0,2727.35
2026-05-02,West,ENT,2,1,1,9032.36,5.34,9032.36,0,9032.36
2026-05-02,West,MID,3,1,2,3351.57,6.71,3351.57,0,3351.57
2026-05-02,West,SMB,6,2,6,1378.04,5.35,2756.08,0,2756.08
2026-05-03,North,ENT,2,1,1,9376.25,3.45,9376.25,0,9376.25
2026-05-03,North,MID,4,1,2,3504.52,6.38,3504.52,0,3504.52
2026-05-03,North,SMB,6,2,6,1357.5,7.06,2714.99,0,2714.99
2026-05-03,South,ENT,1,0,0,9248.41,5.33,0.0,0,0.0
2026-05-03,South,MID,3,1,2,3389.78,8.33,3389.78,0,3389.78
2026-05-03,South,SMB,7,3,9,1366.61,6.55,4099.82,0,4099.82
2026-05-03,East,ENT,1,0,0,8984.11,7.14,0.0,0,0.0
2026-05-03,East,MID,3,1,2,3394.84,5.4,3394.84,0,3394.84
2026-05-03,East,SMB,6,2,6,1351.86,7.11,2703.72,0,2703.72
2026-05-03,West,ENT,1,0,0,9210.45,5.36,0.0,0,0.0
2026-05-03,West,MID,3,1,2,3405.22,5.21,3405.22,0,3405.22
2026-05-03,West,SMB,6,2,6,1372.32,3.92,2744.64,0,2744.64
2026-05-04,North,ENT,3,1,1,8912.52,7.47,8912.52,0,8912.52
2026-05-04,North,MID,7,2,4,3383.25,6.08,6766.5,0,6766.5
2026-05-04,North,SMB,14,4,12,1378.83,4.92,5515.31,0,5515.31
2026-05-04,South,ENT,3,1,1,9125.03,6.42,9125.03,0,9125.03
2026-05-04,South,MID,5,2,4,3368.83,5.57,6737.66,0,6737.66
2026-05-04,South,SMB,13,5,15,1386.12,6.11,6930.62,0,6930.62
2026-05-04,East,ENT,2,1,1,8992.69,6.25,8992.69,0,8992.69
2026-05-04,East,MID,4,1,2,3307.91,7.19,3307.91,0,3307.91
2026-05-04,East,SMB,10,3,9,1386.9,6.0,4160.69,0,4160.69
2026-05-04,West,ENT,4,1,1,9208.96,6.61,9208.96,0,9208.96
2026-05-04,West,MID,6,2,4,3419.63,5.67,6839.26,0,6839.26
2026-05-04,West,SMB,11,4,12,1373.31,5.8,5493.25,0,5493.25
2026-05-05,North,ENT,3,1,1,9249.26,4.87,9249.26,0,9249.26
2026-05-05,North,MID,6,2,4,3416.02,7.89,6832.04,0,6832.04
2026-05-05,North,SMB,10,3,9,1361.58,5.65,4084.73,0,4084.73
2026-05-05,South,ENT,3,1,1,9577.76,3.89,9577.76,0,9577.76
2026-05-05,South,MID,6,2,4,3464.26,5.1,6928.52,0,6928.52
2026-05-05,South,SMB,12,4,12,1345.35,6.21,5381.4,0,5381.4
2026-05-05,East,ENT,2,1,1,8839.77,6.88,8839.77,0,8839.77
2026-05-05,East,MID,5,2,4,3427.79,4.94,6855.58,0,6855.58
2026-05-05,East,SMB,11,4,12,1392.4,5.21,5569.59,0,5569.59
2026-05-05,West,ENT,3,1,1,9382.05,4.55,9382.05,0,9382.05
2026-05-05,West,MID,5,2,4,3400.75,5.97,6801.49,0,6801.49
2026-05-05,West,SMB,11,4,12,1339.07,6.98,5356.3,0,5356.3
2026-05-06,North,ENT,4,1,1,9198.9,6.25,9198.9,0,9198.9
2026-05-06,North,MID,7,2,4,3469.77,4.73,6939.53,0,6939.53
2026-05-06,North,SMB,12,4,12,1397.41,6.11,5589.64,0,5589.64
2026-05-06,South,ENT,3,1,1,9118.39,7.53,9118.39,0,9118.39
2026-05-06,South,MID,7,3,6,3197.47,8.75,9592.42,0,9592.42
2026-05-06,South,SMB,15,5,15,1304.31,8.08,6521.54,0,6521.54
2026-05-06,East,ENT,2,1,1,9310.97,5.41,9310.97,0,9310.97
2026-05-06,East,MID,5,2,4,3350.75,5.92,6701.51,0,6701.51
2026-05-06,East,SMB,13,5,15,1349.24,5.39,6746.19,0,6746.19
2026-05-06,West,ENT,3,1,1,9183.57,7.55,9183.57,0,9183.57
2026-05-06,West,MID,6,2,4,3307.75,6.17,6615.51,0,6615.51
2026-05-06,West,SMB,11,3,9,1336.12,6.76,4008.35,0,4008.35
2026-05-07,North,ENT,3,1,1,9183.58,5.33,9183.58,0,9183.58
2026-05-07,North,MID,7,2,4,3459.83,3.42,6919.65,0,6919.65
2026-05-07,North,SMB,14,5,15,1342.68,6.3,6713.42,0,6713.42
2026-05-07,South,ENT,3,1,1,9321.14,6.13,9321.14,0,9321.14
2026-05-07,South,MID,6,2,4,3384.43,6.36,6768.85,0,6768.85
2026-05-07,South,SMB,13,4,12,1375.11,4.48,5500.43,0,5500.43
2026-05-07,East,ENT,2,1,1,8951.81,7.31,8951.81,0,8951.81
2026-05-07,East,MID,5,2,4,3442.92,5.86,6885.84,0,6885.84
2026-05-07,East,SMB,10,3,9,1381.22,4.11,4143.67,0,4143.67
2026-05-07,West,ENT,2,1,1,9296.24,6.8,9296.24,0,9296.24
2026-05-07,West,MID,6,2,4,3291.92,6.81,6583.84,0,6583.84
2026-05-07,West,SMB,9,3,9,1398.95,5.01,4196.86,0,4196.86
2026-05-08,North,ENT,3,1,1,9104.76,7.77,9104.76,0,9104.76
2026-05-08,North,MID,7,2,4,3295.35,6.02,6590.7,0,6590.7
2026-05-08,North,SMB,11,3,9,1357.14,4.43,4071.43,0,4071.43
2026-05-08,South,ENT,3,1,1,8879.66,7.33,8879.66,0,8879.66
2026-05-08,South,MID,5,2,4,3493.85,5.88,6987.71,0,6987.71
2026-05-08,South,SMB,13,5,15,1342.02,5.91,6710.08,0,6710.08
2026-05-08,East,ENT,2,1,1,9542.44,3.32,9542.44,0,9542.44
2026-05-08,East,MID,4,1,2,3352.38,7.25,3352.38,0,3352.38
2026-05-08,East,SMB,9,3,9,1336.25,6.56,4008.76,0,4008.76
2026-05-08,West,ENT,3,1,1,9163.57,6.0,9163.57,0,9163.57
2026-05-08,West,MID,5,2,4,3385.69,5.98,6771.39,0,6771.39
2026-05-08,West,SMB,9,3,9,1392.32,5.4,4176.97,0,4176.97
2026-05-09,North,ENT,2,1,1,9201.74,5.39,9201.74,0,9201.74
2026-05-09,North,MID,4,2,4,3449.44,5.93,6898.88,0,6898.88
2026-05-09,North,SMB,8,3,9,1358.39,6.21,4075.17,0,4075.17
2026-05-09,South,ENT,1,0,0,9139.82,5.57,0.0,0,0.0
2026-05-09,South,MID,3,1,2,3370.2,6.13,3370.2,0,3370.2
2026-05-09,South,SMB,7,3,9,1411.24,5.26,4233.73,0,4233.73
2026-05-09,East,ENT,1,0,0,8996.98,6.2,0.0,0,0.0
2026-05-09,East,MID,3,1,2,3369.79,5.66,3369.79,0,3369.79
2026-05-09,East,SMB,7,2,6,1363.86,6.17,2727.72,0,2727.72
2026-05-09,West,ENT,1,0,0,9099.23,7.89,0.0,0,0.0
2026-05-09,West,MID,3,1,2,3363.69,5.67,3363.69,0,3363.69
2026-05-09,West,SMB,6,2,6,1385.18,5.86,2770.37,0,2770.37
2026-05-10,North,ENT,2,1,1,9202.17,7.8,9202.17,0,9202.17
2026-05-10,North,MID,4,1,2,3450.99,4.67,3450.99,0,3450.99
2026-05-10,North,SMB,6,2,6,1356.53,5.8,2713.06,0,2713.06
2026-05-10,South,ENT,1,0,0,9474.87,4.62,0.0,0,0.0
2026-05-10,South,MID,3,1,2,3398.72,5.32,3398.72,0,3398.72
2026-05-10,South,SMB,7,2,6,1401.64,3.79,2803.28,0,2803.28
2026-05-10,East,ENT,1,0,0,9245.88,6.41,0.0,0,0.0
2026-05-10,East,MID,3,1,2,3433.12,4.66,3433.12,0,3433.12
2026-05-10,East,SMB,5,2,6,1340.92,6.17,2681.85,0,2681.85
2026-05-10,West,ENT,1,0,0,8819.66,6.81,0.0,0,0.0
2026-05-10,West,MID,3,1,2,3257.16,7.14,3257.16,0,3257.16
2026-05-10,West,SMB,5,2,6,1343.51,5.82,2687.01,0,2687.01
2026-05-11,North,ENT,3,1,1,9036.9,6.42,9036.9,0,9036.9
2026-05-11,North,MID,6,2,4,3351.81,4.77,6703.63,0,6703.63
2026-05-11,North,SMB,11,4,12,1388.2,5.87,5552.78,0,5552.78
2026-05-11,South,ENT,3,1,1,9009.33,7.11,9009.33,0,9009.33
2026-05-11,South,MID,5,2,4,3418.32,6.18,6836.64,0,6836.64
2026-05-11,South,SMB,13,4,12,1376.23,5.32,5504.92,0,5504.92
2026-05-11,East,ENT,3,1,1,9422.79,5.95,9422.79,0,9422.79
2026-05-11,East,MID,5,2,4,3414.83,4.85,6829.66,0,6829.66
2026-05-11,East,SMB,10,3,9,1360.17,6.09,4080.52,0,4080.52
2026-05-11,West,ENT,3,1,1,9256.95,6.22,9256.95,0,9256.95
2026-05-11,West,MID,5,2,4,3262.15,7.84,6524.3,0,6524.3
2026-05-11,West,SMB,9,3,9,1382.55,5.02,4147.66,0,4147.66
2026-05-12,North,ENT,3,1,1,8905.61,6.55,8905.61,0,8905.61
2026-05-12,North,MID,6,2,4,3379.02,5.69,6758.04,0,6758.04
2026-05-12,North,SMB,12,4,12,1386.43,6.17,5545.71,0,5545.71
2026-05-12,South,ENT,3,1,1,9594.27,3.92,9594.27,0,9594.27
2026-05-12,South,MID,7,2,4,3508.38,5.47,7016.76,0,7016.76
2026-05-12,South,SMB,16,5,15,1356.25,5.25,6781.25,0,6781.25
2026-05-12,East,ENT,2,1,1,9105.09,5.26,9105.09,0,9105.09
2026-05-12,East,MID,6,2,4,3395.7,5.0,6791.39,0,6791.39
2026-05-12,East,SMB,9,3,9,1315.24,7.94,3945.72,0,3945.72
2026-05-12,West,ENT,2,1,1,9239.51,6.21,9239.51,0,9239.51
2026-05-12,West,MID,6,2,4,3462.3,6.47,6924.59,0,6924.59
2026-05-12,West,SMB,10,3,9,1328.27,8.31,3984.82,0,3984.82
2026-05-13,North,ENT,3,1,1,9184.86,6.08,9184.86,0,9184.86
2026-05-13,North,MID,6,2,4,3424.84,6.1,6849.68,0,6849.68
2026-05-13,North,SMB,13,5,15,1376.45,4.98,6882.24,0,6882.24
2026-05-13,South,ENT,2,1,1,9073.44,6.98,9073.44,0,9073.44
2026-05-13,South,MID,6,2,4,3344.56,6.54,6689.13,0,6689.13
2026-05-13,South,SMB,12,4,12,1342.38,6.39,5369.51,0,5369.51
2026-05-13,East,ENT,2,1,1,9369.84,4.66,9369.84,0,9369.84
2026-05-13,East,MID,5,2,4,3469.48,5.9,6938.96,0,6938.96
2026-05-13,East,SMB,11,4,12,1407.65,5.58,5630.6,0,5630.6
2026-05-13,West,ENT,3,1,1,9141.23,5.76,9141.23,0,9141.23
2026-05-13,West,MID,5,2,4,3318.57,7.92,6637.13,0,6637.13
2026-05-13,West,SMB,10,3,9,1378.92,6.62,4136.76,0,4136.76
2026-05-14,North,ENT,3,1,1,9285.04,7.22,9285.04,0,9285.04
2026-05-14,North,MID,6,2,4,3410.11,4.94,6820.22,0,6820.22
2026-05-14,North,SMB,12,4,12,1349.25,4.74,5397.01,0,5397.01
2026-05-14,South,ENT,3,1,1,9314.7,6.04,9314.7,0,9314.7
2026-05-14,South,MID,5,2,4,3416.61,6.16,6833.21,0,6833.21
2026-05-14,South,SMB,12,4,12,1380.08,5.84,5520.32,0,5520.32
2026-05-14,East,ENT,3,1,1,9266.6,5.01,9266.6,0,9266.6
2026-05-14,East,MID,5,2,4,3295.54,7.46,6591.08,0,6591.08
2026-05-14,East,SMB,10,3,9,1333.61,6.89,4000.82,0,4000.82
2026-05-14,West,ENT,3,1,1,8973.38,7.38,8973.38,0,8973.38
2026-05-14,West,MID,4,1,2,3289.13,7.09,3289.13,0,3289.13
2026-05-14,West,SMB,11,4,12,1332.61,6.97,5330.45,0,5330.45
2026-05-15,North,ENT,3,1,1,9162.45,7.42,9162.45,0,9162.45
2026-05-15,North,MID,6,2,4,3330.97,6.93,6661.93,0,6661.93
2026-05-15,North,SMB,11,4,12,1369.83,5.95,5479.32,0,5479.32
2026-05-15,South,ENT,3,1,1,8999.14,6.93,8999.14,0,8999.14
2026-05-15,South,MID,6,2,4,3343.0,6.42,6686.0,0,6686.0
2026-05-15,South,SMB,12,4,12,1332.86,7.12,5331.45,0,5331.45
2026-05-15,East,ENT,2,1,1,9167.57,6.44,9167.57,0,9167.57
2026-05-15,East,MID,4,1,2,3316.94,7.85,3316.94,0,3316.94
2026-05-15,East,SMB,10,3,9,1367.28,6.23,4101.83,0,4101.83
2026-05-15,West,ENT,3,1,1,9354.5,5.47,9354.5,0,9354.5
2026-05-15,West,MID,5,2,4,3471.61,3.51,6943.22,0,6943.22
2026-05-15,West,SMB,10,4,12,1302.54,7.12,5210.18,0,5210.18
2026-05-16,North,ENT,2,1,1,8966.74,8.65,8966.74,0,8966.74
2026-05-16,North,MID,4,1,2,3419.71,5.35,3419.71,0,3419.71
2026-05-16,North,SMB,8,3,9,1354.24,6.23,4062.71,0,4062.71
2026-05-16,South,ENT,2,1,1,9340.36,5.76,9340.36,0,9340.36
2026-05-16,South,MID,3,1,2,3413.65,5.09,3413.65,0,3413.65
2026-05-16,South,SMB,7,2,6,1385.66,7.13,2771.32,0,2771.32
2026-05-16,East,ENT,1,0,0,9157.4,5.51,0.0,0,0.0
2026-05-16,East,MID,3,1,2,3401.77,5.53,3401.77,0,3401.77
2026-05-16,East,SMB,6,2,6,1352.42,6.28,2704.84,0,2704.84
2026-05-16,West,ENT,1,0,0,9327.27,4.73,0.0,0,0.0
2026-05-16,West,MID,3,1,2,3432.94,4.85,3432.94,0,3432.94
2026-05-16,West,SMB,6,2,6,1392.45,4.86,2784.89,0,2784.89
2026-05-17,North,ENT,2,1,1,9048.88,8.31,9048.88,0,9048.88
2026-05-17,North,MID,4,1,2,3391.09,5.91,3391.09,0,3391.09
2026-05-17,North,SMB,5,2,6,1338.61,8.68,2677.22,0,2677.22
2026-05-17,South,ENT,1,0,0,9288.52,6.77,0.0,0,0.0
2026-05-17,South,MID,3,1,2,3402.89,5.68,3402.89,0,3402.89
2026-05-17,South,SMB,6,2,6,1352.74,7.11,2705.48,0,2705.48
2026-05-17,East,ENT,1,0,0,9178.43,5.95,0.0,0,0.0
2026-05-17,East,MID,2,1,2,3390.81,5.9,3390.81,0,3390.81
2026-05-17,East,SMB,5,2,6,1408.47,4.83,2816.94,0,2816.94
2026-05-17,West,ENT,1,0,0,9385.37,5.74,0.0,0,0.0
2026-05-17,West,MID,3,1,2,3371.28,5.84,3371.28,0,3371.28
2026-05-17,West,SMB,5,2,6,1357.39,3.84,2714.78,0,2714.78
2026-05-18,North,ENT,3,1,1,9305.74,5.5,9305.74,0,9305.74
2026-05-18,North,MID,6,2,4,3374.4,7.11,6748.8,0,6748.8
2026-05-18,North,SMB,12,4,12,1350.76,6.52,5403.06,0,5403.06
2026-05-18,South,ENT,2,1,1,9100.43,5.99,9100.43,0,9100.43
2026-05-18,South,MID,6,2,4,3352.8,5.74,6705.6,0,6705.6
2026-05-18,South,SMB,15,5,15,1341.6,5.94,6708.02,0,6708.02
2026-05-18,East,ENT,3,1,1,9069.51,5.65,9069.51,0,9069.51
2026-05-18,East,MID,5,2,4,3379.95,5.96,6759.91,0,6759.91
2026-05-18,East,SMB,10,3,9,1351.21,6.08,4053.64,0,4053.64
2026-05-18,West,ENT,2,1,1,9381.15,3.97,9381.15,0,9381.15
2026-05-18,West,MID,5,2,4,3349.55,5.67,6699.1,0,6699.1
2026-05-18,West,SMB,11,4,12,1344.6,5.34,5378.4,0,5378.4
2026-05-19,North,ENT,4,1,1,9539.21,2.44,9539.21,0,9539.21
2026-05-19,North,MID,6,2,4,3343.44,8.02,6686.89,0,6686.89
2026-05-19,North,SMB,13,5,15,1336.11,6.32,6680.56,0,6680.56
2026-05-19,South,ENT,3,1,1,9124.1,5.02,9124.1,0,9124.1
2026-05-19,South,MID,6,2,4,3367.05,7.97,6734.09,0,6734.09
2026-05-19,South,SMB,15,5,15,1398.38,5.1,6991.92,0,6991.92
2026-05-19,East,ENT,3,1,1,9244.69,5.37,9244.69,0,9244.69
2026-05-19,East,MID,5,2,4,3369.97,7.38,6739.93,0,6739.93
2026-05-19,East,SMB,10,4,12,1363.69,6.01,5454.74,0,5454.74
2026-05-19,West,ENT,3,1,1,9302.2,6.59,9302.2,0,9302.2
2026-05-19,West,MID,6,2,4,3347.73,6.5,6695.46,0,6695.46
2026-05-19,West,SMB,12,5,15,1315.13,6.47,6575.67,0,6575.67
2026-05-20,North,ENT,4,1,1,9375.3,4.82,9375.3,0,9375.3
2026-05-20,North,MID,7,2,4,3436.32,5.1,6872.64,0,6872.64
2026-05-20,North,SMB,12,4,12,1356.73,6.66,5426.93,0,5426.93
2026-05-20,South,ENT,3,1,1,9294.58,6.24,9294.58,0,9294.58
2026-05-20,South,MID,6,2,4,3267.63,8.74,6535.25,0,6535.25
2026-05-20,South,SMB,13,4,12,1344.82,6.31,5379.29,0,5379.29
2026-05-20,East,ENT,2,1,1,9371.99,6.35,9371.99,0,9371.99
2026-05-20,East,MID,5,2,4,3363.56,7.0,6727.12,0,6727.12
2026-05-20,East,SMB,10,4,12,1393.01,5.87,5572.05,0,5572.05
2026-05-20,West,ENT,3,1,1,9381.71,6.17,9381.71,0,9381.71
2026-05-20,West,MID,5,2,4,3353.84,6.42,6707.68,0,6707.68
2026-05-20,West,SMB,10,3,9,1388.11,6.64,4164.32,0,4164.32
2026-05-21,North,ENT,4,1,1,9229.87,5.69,9229.87,0,9229.87
2026-05-21,North,MID,7,2,4,3429.18,7.07,6858.36,0,6858.36
2026-05-21,North,SMB,11,4,12,1383.33,5.72,5533.3,0,5533.3
2026-05-21,South,ENT,3,1,1,9186.84,6.01,9186.84,0,9186.84
2026-05-21,South,MID,6,2,4,3327.99,6.42,6655.98,0,6655.98
2026-05-21,South,SMB,12,4,12,1346.04,4.79,5384.17,0,5384.17
2026-05-21,East,ENT,3,1,1,9355.53,6.13,9355.53,0,9355.53
2026-05-21,East,MID,6,2,4,3460.42,5.47,6920.84,0,6920.84
2026-05-21,East,SMB,10,4,12,1380.44,5.54,5521.77,0,5521.77
2026-05-21,West,ENT,2,1,1,8933.58,7.24,8933.58,0,8933.58
2026-05-21,West,MID,7,2,4,3401.75,4.92,6803.5,0,6803.5
2026-05-21,West,SMB,11,4,12,1321.97,7.08,5287.86,0,5287.86
2026-05-22,North,ENT,3,1,1,9277.37,8.14,9277.37,0,9277.37
2026-05-22,North,MID,6,2,4,3387.95,5.81,6775.9,0,6775.9
2026-05-22,North,SMB,11,4,12,1349.99,4.91,5399.96,0,5399.96
2026-05-22,South,ENT,3,1,1,9316.69,5.82,9316.69,0,9316.69
2026-05-22,South,MID,6,2,4,3422.41,5.21,6844.83,0,6844.83
2026-05-22,South,SMB,13,5,15,1351.54,5.17,6757.72,0,6757.72
2026-05-22,East,ENT,2,1,1,9201.84,6.6,9201.84,0,9201.84
2026-05-22,East,MID,5,2,4,3365.85,6.24,6731.71,0,6731.71
2026-05-22,East,SMB,10,3,9,1316.91,7.78,3950.73,0,3950.73
2026-05-22,West,ENT,3,1,1,8954.05,5.54,8954.05,0,8954.05
2026-05-22,West,MID,6,2,4,3564.56,4.3,7129.13,0,7129.13
2026-05-22,West,SMB,11,3,9,1363.75,5.64,4091.26,0,4091.26
2026-05-23,North,ENT,2,1,1,9331.18,5.72,9331.18,0,9331.18
2026-05-23,North,MID,4,1,2,3381.66,5.53,3381.66,0,3381.66
2026-05-23,North,SMB,7,2,6,1353.63,6.5,2707.26,0,2707.26
2026-05-23,South,ENT,2,1,1,9331.93,6.76,9331.93,0,9331.93
2026-05-23,South,MID,3,1,2,3298.06,8.04,3298.06,0,3298.06
2026-05-23,South,SMB,7,2,6,1409.35,4.52,2818.7,0,2818.7
2026-05-23,East,ENT,1,0,0,8852.55,6.77,0.0,0,0.0
2026-05-23,East,MID,3,1,2,3513.02,4.63,3513.02,0,3513.02
2026-05-23,East,SMB,6,2,6,1395.78,4.18,2791.57,0,2791.57
2026-05-23,West,ENT,1,0,0,9412.8,5.4,0.0,0,0.0
2026-05-23,West,MID,3,1,2,3426.42,5.28,3426.42,0,3426.42
2026-05-23,West,SMB,7,2,6,1329.39,6.14,2658.77,0,2658.77
2026-05-24,North,ENT,2,1,1,9578.46,4.21,9578.46,0,9578.46
2026-05-24,North,MID,3,1,2,3369.13,7.0,3369.13,0,3369.13
2026-05-24,North,SMB,5,2,6,1337.53,6.49,2675.07,0,2675.07
2026-05-24,South,ENT,1,0,0,9139.05,5.89,0.0,0,0.0
2026-05-24,South,MID,3,1,2,3313.04,7.31,3313.04,0,3313.04
2026-05-24,South,SMB,7,2,6,1393.74,5.15,2787.49,0,2787.49
2026-05-24,East,ENT,1,0,0,9294.89,5.49,0.0,0,0.0
2026-05-24,East,MID,3,1,2,3358.39,4.62,3358.39,0,3358.39
2026-05-24,East,SMB,5,2,6,1392.07,4.4,2784.14,0,2784.14
2026-05-24,West,ENT,1,0,0,9025.07,5.45,0.0,0,0.0
2026-05-24,West,MID,3,1,2,3341.65,6.23,3341.65,0,3341.65
2026-05-24,West,SMB,6,2,6,1369.68,5.41,2739.36,0,2739.36
2026-05-25,North,ENT,3,1,1,9196.59,5.48,9196.59,0,9196.59
2026-05-25,North,MID,5,2,4,3365.1,6.25,6730.2,0,6730.2
2026-05-25,North,SMB,13,4,12,1350.61,6.41,5402.45,0,5402.45
2026-05-25,South,ENT,3,1,1,9159.37,5.68,9159.37,0,9159.37
2026-05-25,South,MID,5,2,4,3374.3,4.57,6748.59,0,6748.59
2026-05-25,South,SMB,14,5,15,1343.78,4.87,6718.89,0,6718.89
2026-05-25,East,ENT,3,1,1,9126.94,5.81,9126.94,0,9126.94
2026-05-25,East,MID,3,1,2,3406.48,6.72,3406.48,0,3406.48
2026-05-25,East,SMB,7,2,6,1348.91,6.3,2697.82,0,2697.82
2026-05-25,West,ENT,3,1,1,8944.66,6.55,8944.66,0,8944.66
2026-05-25,West,MID,6,2,4,3455.58,4.56,6911.17,0,6911.17
2026-05-25,West,SMB,11,4,12,1343.55,5.53,5374.19,0,5374.19
2026-05-26,North,ENT,3,1,1,9355.84,6.15,9355.84,0,9355.84
2026-05-26,North,MID,8,3,6,3401.6,4.96,10204.79,0,10204.79
2026-05-26,North,SMB,13,4,12,1357.04,5.72,5428.17,0,5428.17
2026-05-26,South,ENT,3,1,1,9521.64,4.36,9521.64,0,9521.64
2026-05-26,South,MID,6,2,4,3352.93,6.44,6705.87,0,6705.87
2026-05-26,South,SMB,13,5,15,1352.43,6.1,6762.17,0,6762.17
2026-05-26,East,ENT,3,1,1,9151.59,5.93,9151.59,0,9151.59
2026-05-26,East,MID,4,1,2,3449.01,6.36,3449.01,0,3449.01
2026-05-26,East,SMB,10,4,12,1347.35,5.6,5389.38,0,5389.38
2026-05-26,West,ENT,2,1,1,8674.89,6.78,8674.89,0,8674.89
2026-05-26,West,MID,5,2,4,3366.13,4.86,6732.27,0,6732.27
2026-05-26,West,SMB,10,3,9,1348.8,7.3,4046.41,0,4046.41
2026-05-27,North,ENT,3,1,1,9190.35,6.36,9190.35,0,9190.35
2026-05-27,North,MID,6,2,4,3444.65,5.08,6889.3,0,6889.3
2026-05-27,North,SMB,12,4,12,1335.45,7.29,5341.81,0,5341.81
2026-05-27,South,ENT,3,1,1,9282.99,6.36,9282.99,0,9282.99
2026-05-27,South,MID,5,2,4,3407.03,5.36,6814.06,0,6814.06
2026-05-27,South,SMB,13,5,15,1378.2,5.08,6891.0,0,6891.0
2026-05-27,East,ENT,2,1,1,9322.33,5.34,9322.33,0,9322.33
2026-05-27,East,MID,4,1,2,3380.67,6.4,3380.67,0,3380.67
2026-05-27,East,SMB,12,4,12,1345.39,6.16,5381.57,0,5381.57
2026-05-27,West,ENT,3,1,1,9362.53,5.82,9362.53,0,9362.53
2026-05-27,West,MID,6,2,4,3358.93,7.34,6717.86,0,6717.86
2026-05-27,West,SMB,11,4,12,1382.24,6.67,5528.94,0,5528.94
2026-05-28,North,ENT,3,1,1,9285.56,5.71,9285.56,0,9285.56
2026-05-28,North,MID,7,2,4,3313.65,5.62,6627.29,0,6627.29
2026-05-28,North,SMB,14,5,15,1345.66,6.13,6728.29,0,6728.29
2026-05-28,South,ENT,3,1,1,9048.26,5.85,9048.26,0,9048.26
2026-05-28,South,MID,6,2,4,3299.07,5.45,6598.14,0,6598.14
2026-05-28,South,SMB,11,4,12,1390.52,6.03,5562.07,0,5562.07
2026-05-28,East,ENT,2,1,1,9010.92,7.46,9010.92,0,9010.92
2026-05-28,East,MID,5,2,4,3435.49,4.7,6870.98,0,6870.98
2026-05-28,East,SMB,10,4,12,1324.0,7.7,5296.01,0,5296.01
2026-05-28,West,ENT,3,1,1,9260.94,7.06,9260.94,0,9260.94
2026-05-28,West,MID,6,2,4,3316.74,6.46,6633.48,0,6633.48
2026-05-28,West,SMB,9,3,9,1346.87,6.42,4040.6,0,4040.6
2026-05-29,North,ENT,3,1,1,9005.94,7.47,9005.94,0,9005.94
2026-05-29,North,MID,5,2,4,3480.13,5.55,6960.27,0,6960.27
2026-05-29,North,SMB,12,4,12,1317.19,6.61,5268.76,0,5268.76
2026-05-29,South,ENT,3,1,1,9388.18,4.23,9388.18,0,9388.18
2026-05-29,South,MID,5,2,4,3498.7,5.08,6997.39,0,6997.39
2026-05-29,South,SMB,13,4,12,1373.96,5.78,5495.84,0,5495.84
2026-05-29,East,ENT,2,1,1,9092.9,6.16,9092.9,0,9092.9
2026-05-29,East,MID,4,1,2,3295.45,7.17,3295.45,0,3295.45
2026-05-29,East,SMB,9,3,9,1389.78,3.75,4169.34,0,4169.34
2026-05-29,West,ENT,2,1,1,9202.4,4.96,9202.4,0,9202.4
2026-05-29,West,MID,5,2,4,3404.31,6.26,6808.62,0,6808.62
2026-05-29,West,SMB,10,3,9,1359.36,5.58,4078.07,0,4078.07
2026-05-30,North,ENT,2,1,1,9289.66,7.02,9289.66,0,9289.66
2026-05-30,North,MID,4,1,2,3505.34,4.6,3505.34,0,3505.34
2026-05-30,North,SMB,6,2,6,1326.29,7.9,2652.57,0,2652.57
2026-05-30,South,ENT,2,1,1,9254.41,6.45,9254.41,0,9254.41
2026-05-30,South,MID,3,1,2,3386.58,5.49,3386.58,0,3386.58
2026-05-30,South,SMB,7,2,6,1336.1,8.03,2672.19,0,2672.19
2026-05-30,East,ENT,1,0,0,9194.2,5.33,0.0,0,0.0
2026-05-30,East,MID,3,1,2,3415.1,6.28,3415.1,0,3415.1
2026-05-30,East,SMB,5,2,6,1348.87,4.74,2697.74,0,2697.74
2026-05-30,West,ENT,2,1,1,9239.1,6.41,9239.1,0,9239.1
2026-05-30,West,MID,3,1,2,3519.3,4.62,3519.3,0,3519.3
2026-05-30,West,SMB,6,2,6,1324.26,6.4,2648.52,0,2648.52
2026-05-31,North,ENT,2,1,1,9172.46,7.66,9172.46,0,9172.46
2026-05-31,North,MID,3,1,2,3408.56,6.38,3408.56,0,3408.56
2026-05-31,North,SMB,6,2,6,1352.47,5.21,2704.95,0,2704.95
2026-05-31,South,ENT,1,0,0,9391.65,7.39,0.0,0,0.0
2026-05-31,South,MID,4,1,2,3253.63,7.0,3253.63,0,3253.63
2026-05-31,South,SMB,7,2,6,1377.36,4.89,2754.71,0,2754.71
2026-05-31,East,ENT,1,0,0,9268.68,5.57,0.0,0,0.0
2026-05-31,East,MID,2,1,2,3442.7,5.53,3442.7,0,3442.7
2026-05-31,East,SMB,5,2,6,1375.04,6.0,2750.09,0,2750.09
2026-05-31,West,ENT,1,0,0,9330.99,6.36,0.0,0,0.0
2026-05-31,West,MID,2,1,2,3386.93,5.23,3386.93,0,3386.93
2026-05-31,West,SMB,5,2,6,1309.71,6.78,2619.42,0,2619.42
2026-06-01,North,ENT,4,1,1,9244.88,6.06,9244.88,0,9244.88
2026-06-01,North,MID,6,2,4,3385.16,6.64,6770.33,0,6770.33
2026-06-01,North,SMB,11,3,9,1366.58,5.89,4099.73,0,4099.73
2026-06-01,South,ENT,3,1,1,9324.13,5.48,9324.13,0,9324.13
2026-06-01,South,MID,6,2,4,3371.83,4.65,6743.67,0,6743.67
2026-06-01,South,SMB,13,4,12,1352.12,5.32,5408.46,0,5408.46
2026-06-01,East,ENT,3,1,1,9377.4,4.79,9377.4,0,9377.4
2026-06-01,East,MID,5,2,4,3298.03,6.05,6596.07,0,6596.07
2026-06-01,East,SMB,10,4,12,1391.75,4.53,5567.01,0,5567.01
2026-06-01,West,ENT,3,1,1,9204.3,6.24,9204.3,0,9204.3
2026-06-01,West,MID,5,2,4,3378.1,6.41,6756.2,0,6756.2
2026-06-01,West,SMB,11,3,9,1304.64,7.22,3913.93,0,3913.93
2026-06-02,North,ENT,3,1,1,9127.45,5.7,9127.45,0,9127.45
2026-06-02,North,MID,6,2,4,3347.36,6.7,6694.73,0,6694.73
2026-06-02,North,SMB,11,4,12,1377.2,6.33,5508.81,0,5508.81
2026-06-02,South,ENT,3,1,1,9288.66,5.48,9288.66,0,9288.66
2026-06-02,South,MID,6,2,4,3360.94,6.51,6721.87,0,6721.87
2026-06-02,South,SMB,12,4,12,1355.61,6.39,5422.44,0,5422.44
2026-06-02,East,ENT,3,1,1,9194.59,6.62,9194.59,0,9194.59
2026-06-02,East,MID,5,2,4,3308.7,6.06,6617.4,0,6617.4
2026-06-02,East,SMB,11,4,12,1342.06,6.69,5368.26,0,5368.26
2026-06-02,West,ENT,3,1,1,9404.05,4.76,9404.05,0,9404.05
2026-06-02,West,MID,5,2,4,3385.26,5.93,6770.53,0,6770.53
2026-06-02,West,SMB,12,4,12,1397.03,5.06,5588.12,0,5588.12
2026-06-03,North,ENT,3,1,1,9231.74,5.42,9231.74,0,9231.74
2026-06-03,North,MID,7,3,6,3372.33,4.43,10116.99,0,10116.99
2026-06-03,North,SMB,12,4,12,1406.24,5.24,5624.95,0,5624.95
2026-06-03,South,ENT,2,1,1,9407.93,6.1,9407.93,0,9407.93
2026-06-03,South,MID,6,2,4,3414.29,5.84,6828.58,0,6828.58
2026-06-03,South,SMB,9,3,9,1361.6,6.32,4084.79,0,4084.79
2026-06-03,East,ENT,2,1,1,9064.34,6.1,9064.34,0,9064.34
2026-06-03,East,MID,5,2,4,3314.58,7.59,6629.16,0,6629.16
2026-06-03,East,SMB,10,3,9,1358.61,5.68,4075.82,0,4075.82
2026-06-03,West,ENT,3,1,1,8994.82,7.32,8994.82,0,8994.82
2026-06-03,West,MID,5,2,4,3417.69,5.71,6835.37,0,6835.37
2026-06-03,West,SMB,12,4,12,1344.03,6.91,5376.13,0,5376.13
2026-06-04,North,ENT,3,1,1,9021.34,5.1,9021.34,0,9021.34
2026-06-04,North,MID,6,2,4,3406.88,5.77,6813.77,0,6813.77
2026-06-04,North,SMB,14,5,15,1360.38,6.76,6801.91,0,6801.91
2026-06-04,South,ENT,2,1,1,9279.65,6.0,9279.65,0,9279.65
2026-06-04,South,MID,7,2,4,3495.67,5.18,6991.33,0,6991.33
2026-06-04,South,SMB,12,4,12,1365.12,5.98,5460.48,0,5460.48
2026-06-04,East,ENT,2,1,1,9274.16,5.07,9274.16,0,9274.16
2026-06-04,East,MID,5,2,4,3360.73,7.18,6721.46,0,6721.46
2026-06-04,East,SMB,10,3,9,1334.08,6.08,4002.25,0,4002.25
2026-06-04,West,ENT,2,1,1,9268.76,5.42,9268.76,0,9268.76
2026-06-04,West,MID,6,2,4,3351.42,6.05,6702.84,0,6702.84
2026-06-04,West,SMB,11,4,12,1336.32,6.66,5345.29,0,5345.29
2026-06-05,North,ENT,3,1,1,9082.37,6.39,9082.37,0,9082.37
2026-06-05,North,MID,7,3,6,3412.75,6.11,10238.25,0,10238.25
2026-06-05,North,SMB,13,4,12,1379.28,5.6,5517.1,0,5517.1
2026-06-05,South,ENT,3,1,1,8882.73,6.74,8882.73,0,8882.73
2026-06-05,South,MID,4,1,2,3404.46,6.96,3404.46,0,3404.46
2026-06-05,South,SMB,12,4,12,1297.6,7.28,5190.42,0,5190.42
2026-06-05,East,ENT,2,1,1,9118.14,6.11,9118.14,0,9118.14
2026-06-05,East,MID,5,2,4,3351.94,6.12,6703.88,0,6703.88
2026-06-05,East,SMB,11,4,12,1337.96,6.65,5351.84,0,5351.84
2026-06-05,West,ENT,3,1,1,9383.26,5.8,9383.26,0,9383.26
2026-06-05,West,MID,5,2,4,3375.87,6.83,6751.75,0,6751.75
2026-06-05,West,SMB,8,3,9,1402.95,4.35,4208.84,0,4208.84
2026-06-06,North,ENT,2,1,1,9195.74,5.8,9195.74,0,9195.74
2026-06-06,North,MID,3,1,2,3342.82,6.22,3342.82,0,3342.82
2026-06-06,North,SMB,6,2,6,1393.61,6.72,2787.22,0,2787.22
2026-06-06,South,ENT,2,1,1,9185.65,6.75,9185.65,0,9185.65
2026-06-06,South,MID,4,1,2,3389.7,4.59,3389.7,0,3389.7
2026-06-06,South,SMB,7,2,6,1364.32,6.31,2728.64,0,2728.64
2026-06-06,East,ENT,1,0,0,9134.04,6.91,0.0,0,0.0
2026-06-06,East,MID,4,1,2,3288.18,8.0,3288.18,0,3288.18
2026-06-06,East,SMB,6,2,6,1357.4,4.53,2714.79,0,2714.79
2026-06-06,West,ENT,1,0,0,9458.3,5.43,0.0,0,0.0
2026-06-06,West,MID,3,1,2,3472.65,5.18,3472.65,0,3472.65
2026-06-06,West,SMB,7,2,6,1330.27,5.8,2660.53,0,2660.53
2026-06-07,North,ENT,2,1,1,9270.01,4.63,9270.01,0,9270.01
2026-06-07,North,MID,3,1,2,3414.43,4.79,3414.43,0,3414.43
2026-06-07,North,SMB,5,2,6,1347.9,6.99,2695.79,0,2695.79
2026-06-07,South,ENT,1,0,0,9435.4,5.47,0.0,0,0.0
2026-06-07,South,MID,4,1,2,3366.06,6.28,3366.06,0,3366.06
2026-06-07,South,SMB,6,2,6,1333.92,6.54,2667.85,0,2667.85
2026-06-07,East,ENT,1,0,0,9254.7,6.26,0.0,0,0.0
2026-06-07,East,MID,3,1,2,3398.36,6.45,3398.36,0,3398.36
2026-06-07,East,SMB,5,2,6,1367.4,4.8,2734.81,0,2734.81
2026-06-07,West,ENT,1,0,0,9320.36,4.47,0.0,0,0.0
2026-06-07,West,MID,3,1,2,3435.09,5.03,3435.09,0,3435.09
2026-06-07,West,SMB,6,2,6,1319.13,8.15,2638.26,0,2638.26
2026-06-08,North,ENT,4,1,1,9078.62,6.78,9078.62,0,9078.62
2026-06-08,North,MID,7,2,4,3436.25,6.39,6872.5,0,6872.5
2026-06-08,North,SMB,13,5,15,1342.41,6.24,6712.04,0,6712.04
2026-06-08,South,ENT,3,1,1,9478.66,5.69,9478.66,0,9478.66
2026-06-08,South,MID,6,2,4,3328.84,6.1,6657.68,0,6657.68
2026-06-08,South,SMB,13,5,15,1365.3,5.77,6826.48,0,6826.48
2026-06-08,East,ENT,2,1,1,9126.13,6.91,9126.13,0,9126.13
2026-06-08,East,MID,5,2,4,3389.75,4.49,6779.5,0,6779.5
2026-06-08,East,SMB,11,4,12,1323.03,6.38,5292.13,0,5292.13
2026-06-08,West,ENT,3,1,1,8982.53,8.66,8982.53,0,8982.53
2026-06-08,West,MID,5,2,4,3375.43,6.43,6750.85,0,6750.85
2026-06-08,West,SMB,11,4,12,1379.16,4.97,5516.65,0,5516.65
2026-06-09,North,ENT,4,2,2,9212.22,5.24,18424.44,0,18424.44
2026-06-09,North,MID,8,3,6,3399.74,5.42,10199.23,0,10199.23
2026-06-09,North,SMB,13,5,15,1369.7,7.16,6848.5,0,6848.5
2026-06-09,South,ENT,2,1,1,9229.11,5.97,9229.11,0,9229.11
2026-06-09,South,MID,6,2,4,3422.11,4.32,6844.23,0,6844.23
2026-06-09,South,SMB,15,5,15,1320.31,6.33,6601.56,0,6601.56
2026-06-09,East,ENT,3,1,1,9362.69,4.81,9362.69,0,9362.69
2026-06-09,East,MID,5,2,4,3260.77,7.04,6521.54,0,6521.54
2026-06-09,East,SMB,9,3,9,1361.22,5.97,4083.66,0,4083.66
2026-06-09,West,ENT,2,1,1,9054.54,6.72,9054.54,0,9054.54
2026-06-09,West,MID,6,2,4,3338.54,6.28,6677.08,0,6677.08
2026-06-09,West,SMB,11,4,12,1401.3,6.8,5605.22,0,5605.22
2026-06-10,North,ENT,3,1,1,9219.93,6.1,9219.93,0,9219.93
2026-06-10,North,MID,6,2,4,3392.0,6.2,6784.0,0,6784.0
2026-06-10,North,SMB,13,5,15,1364.8,6.35,6823.99,0,6823.99
2026-06-10,South,ENT,3,1,1,9340.19,5.35,9340.19,0,9340.19
2026-06-10,South,MID,6,2,4,3357.78,7.0,6715.56,0,6715.56
2026-06-10,South,SMB,14,5,15,1361.97,6.85,6809.84,0,6809.84
2026-06-10,East,ENT,2,1,1,8999.44,6.72,8999.44,0,8999.44
2026-06-10,East,MID,5,2,4,3374.24,5.67,6748.48,0,6748.48
2026-06-10,East,SMB,9,3,9,1358.75,6.29,4076.26,0,4076.26
2026-06-10,West,ENT,2,1,1,9038.34,5.66,9038.34,0,9038.34
2026-06-10,West,MID,6,2,4,3409.13,6.48,6818.26,0,6818.26
2026-06-10,West,SMB,11,4,12,1379.97,5.68,5519.88,0,5519.88
2026-06-11,North,ENT,3,1,1,9283.28,4.29,9283.28,0,9283.28
2026-06-11,North,MID,7,2,4,3289.29,6.5,6578.58,0,6578.58
2026-06-11,North,SMB,13,4,12,1348.62,7.82,5394.47,0,5394.47
2026-06-11,South,ENT,3,1,1,9023.05,6.33,9023.05,0,9023.05
2026-06-11,South,MID,7,2,4,3300.39,6.85,6600.77,0,6600.77
2026-06-11,South,SMB,13,5,15,1312.06,7.11,6560.28,0,6560.28
2026-06-11,East,ENT,2,1,1,9158.84,5.27,9158.84,0,9158.84
2026-06-11,East,MID,5,2,4,3372.55,8.11,6745.1,0,6745.1
2026-06-11,East,SMB,11,4,12,1405.16,4.91,5620.65,0,5620.65
2026-06-11,West,ENT,3,1,1,9444.65,6.53,9444.65,0,9444.65
2026-06-11,West,MID,6,2,4,3369.76,5.59,6739.53,0,6739.53
2026-06-11,West,SMB,10,4,12,1404.18,6.01,5616.74,0,5616.74
2026-06-12,North,ENT,2,1,1,9051.25,6.72,9051.25,0,9051.25
2026-06-12,North,MID,6,2,4,3346.83,5.83,6693.65,0,6693.65
2026-06-12,North,SMB,9,3,9,1343.33,6.87,4030.0,0,4030.0
2026-06-12,South,ENT,3,1,1,9010.32,6.98,9010.32,0,9010.32
2026-06-12,South,MID,6,2,4,3382.98,7.76,6765.96,0,6765.96
2026-06-12,South,SMB,13,4,12,1327.63,6.99,5310.54,0,5310.54
2026-06-12,East,ENT,2,1,1,9189.62,4.96,9189.62,0,9189.62
2026-06-12,East,MID,5,2,4,3326.06,7.94,6652.11,0,6652.11
2026-06-12,East,SMB,10,3,9,1417.33,3.57,4251.98,0,4251.98
2026-06-12,West,ENT,2,1,1,9266.78,6.16,9266.78,0,9266.78
2026-06-12,West,MID,5,2,4,3349.93,6.93,6699.86,0,6699.86
2026-06-12,West,SMB,9,3,9,1351.21,6.69,4053.62,0,4053.62
2026-06-13,North,ENT,2,1,1,9349.14,5.33,9349.14,0,9349.14
2026-06-13,North,MID,4,1,2,3362.07,5.84,3362.07,0,3362.07
2026-06-13,North,SMB,6,2,6,1353.34,5.06,2706.67,0,2706.67
2026-06-13,South,ENT,2,1,1,9071.76,7.44,9071.76,0,9071.76
2026-06-13,South,MID,4,1,2,3419.66,5.69,3419.66,0,3419.66
2026-06-13,South,SMB,7,3,9,1345.28,6.7,4035.83,0,4035.83
2026-06-13,East,ENT,2,1,1,9247.78,7.18,9247.78,0,9247.78
2026-06-13,East,MID,2,1,2,3420.87,4.62,3420.87,0,3420.87
2026-06-13,East,SMB,5,2,6,1391.41,4.22,2782.81,0,2782.81
2026-06-13,West,ENT,1,0,0,9293.47,6.31,0.0,0,0.0
2026-06-13,West,MID,3,1,2,3404.98,5.69,3404.98,0,3404.98
2026-06-13,West,SMB,6,2,6,1375.63,5.78,2751.25,0,2751.25
2026-06-14,North,ENT,2,1,1,8904.81,6.36,8904.81,0,8904.81
2026-06-14,North,MID,3,1,2,3380.74,6.19,3380.74,0,3380.74
2026-06-14,North,SMB,7,2,6,1354.84,6.0,2709.67,0,2709.67
2026-06-14,South,ENT,2,1,1,8951.83,7.01,8951.83,0,8951.83
2026-06-14,South,MID,3,1,2,3396.85,6.13,3396.85,0,3396.85
2026-06-14,South,SMB,6,2,6,1369.54,7.46,2739.07,0,2739.07
2026-06-14,East,ENT,1,0,0,9235.74,6.53,0.0,0,0.0
2026-06-14,East,MID,3,1,2,3425.98,4.19,3425.98,0,3425.98
2026-06-14,East,SMB,4,1,3,1387.36,4.95,1387.36,0,1387.36
2026-06-14,West,ENT,1,0,0,9190.39,7.19,0.0,0,0.0
2026-06-14,West,MID,3,1,2,3400.02,7.02,3400.02,0,3400.02
2026-06-14,West,SMB,6,2,6,1360.36,6.01,2720.71,0,2720.71
2026-06-15,North,ENT,3,1,1,9131.07,6.06,9131.07,0,9131.07
2026-06-15,North,MID,6,2,4,3457.69,4.71,6915.37,0,6915.37
2026-06-15,North,SMB,13,5,15,1384.88,4.58,6924.39,0,6924.39
2026-06-15,South,ENT,3,1,1,8880.74,6.5,8880.74,0,8880.74
2026-06-15,South,MID,6,2,4,3334.58,5.96,6669.16,0,6669.16
2026-06-15,South,SMB,13,4,12,1363.63,5.37,5454.53,0,5454.53
2026-06-15,East,ENT,2,1,1,9288.55,5.76,9288.55,0,9288.55
2026-06-15,East,MID,5,2,4,3451.43,4.44,6902.85,0,6902.85
2026-06-15,East,SMB,10,4,12,1364.86,5.91,5459.43,0,5459.43
2026-06-15,West,ENT,3,1,1,9051.08,6.88,9051.08,0,9051.08
2026-06-15,West,MID,6,2,4,3275.03,6.62,6550.05,0,6550.05
2026-06-15,West,SMB,11,4,12,1362.23,5.22,5448.91,0,5448.91
2026-06-16,North,ENT,4,1,1,9185.38,6.67,9185.38,0,9185.38
2026-06-16,North,MID,7,3,6,3369.7,5.38,10109.11,0,10109.11
2026-06-16,North,SMB,11,4,12,1340.63,6.76,5362.53,0,5362.53
2026-06-16,South,ENT,3,1,1,9146.86,6.19,9146.86,0,9146.86
2026-06-16,South,MID,6,2,4,3396.71,6.29,6793.41,0,6793.41
2026-06-16,South,SMB,15,5,15,1326.91,6.68,6634.56,0,6634.56
2026-06-16,East,ENT,3,1,1,9094.69,6.97,9094.69,0,9094.69
2026-06-16,East,MID,4,1,2,3337.79,6.07,3337.79,0,3337.79
2026-06-16,East,SMB,7,2,6,1341.72,6.6,2683.45,0,2683.45
2026-06-16,West,ENT,3,1,1,9286.56,3.54,9286.56,0,9286.56
2026-06-16,West,MID,6,2,4,3467.64,4.55,6935.28,0,6935.28
2026-06-16,West,SMB,10,3,9,1357.47,6.45,4072.41,0,4072.41
2026-06-17,North,ENT,3,1,1,9357.27,5.44,9357.27,0,9357.27
2026-06-17,North,MID,6,2,4,3407.8,5.19,6815.6,0,6815.6
2026-06-17,North,SMB,14,4,12,1393.27,4.92,5573.09,0,5573.09
2026-06-17,South,ENT,3,1,1,8887.82,7.69,8887.82,0,8887.82
2026-06-17,South,MID,6,2,4,3350.17,5.16,6700.33,0,6700.33
2026-06-17,South,SMB,12,4,12,1381.47,5.12,5525.88,0,5525.88
2026-06-17,East,ENT,2,1,1,9514.98,5.18,9514.98,0,9514.98
2026-06-17,East,MID,5,2,4,3392.94,6.9,6785.87,0,6785.87
2026-06-17,East,SMB,9,3,9,1323.93,7.2,3971.8,0,3971.8
2026-06-17,West,ENT,2,1,1,9579.63,4.34,9579.63,0,9579.63
2026-06-17,West,MID,6,2,4,3442.49,5.86,6884.98,0,6884.98
2026-06-17,West,SMB,11,4,12,1339.06,7.9,5356.23,0,5356.23
2026-06-18,North,ENT,3,1,1,9122.27,5.82,9122.27,0,9122.27
2026-06-18,North,MID,6,2,4,3455.98,6.11,6911.96,0,6911.96
2026-06-18,North,SMB,12,4,12,1387.99,5.04,5551.96,0,5551.96
2026-06-18,South,ENT,3,1,1,9320.62,4.98,9320.62,0,9320.62
2026-06-18,South,MID,6,2,4,3503.31,5.42,7006.62,0,7006.62
2026-06-18,South,SMB,14,5,15,1365.65,5.48,6828.23,0,6828.23
2026-06-18,East,ENT,2,1,1,9307.19,5.89,9307.19,0,9307.19
2026-06-18,East,MID,4,1,2,3375.82,6.84,3375.82,0,3375.82
2026-06-18,East,SMB,10,3,9,1351.04,5.68,4053.12,0,4053.12
2026-06-18,West,ENT,2,1,1,9101.04,7.16,9101.04,0,9101.04
2026-06-18,West,MID,6,2,4,3289.89,5.94,6579.78,0,6579.78
2026-06-18,West,SMB,11,4,12,1399.35,5.08,5597.39,0,5597.39
2026-06-19,North,ENT,3,1,1,9229.32,6.15,9229.32,0,9229.32
2026-06-19,North,MID,5,2,4,3317.54,6.43,6635.08,0,6635.08
2026-06-19,North,SMB,11,4,12,1341.61,6.17,5366.43,0,5366.43
2026-06-19,South,ENT,3,1,1,9203.53,6.43,9203.53,0,9203.53
2026-06-19,South,MID,6,2,4,3410.79,7.08,6821.58,0,6821.58
2026-06-19,South,SMB,15,5,15,1405.96,5.23,7029.81,0,7029.81
2026-06-19,East,ENT,2,1,1,9195.75,6.95,9195.75,0,9195.75
2026-06-19,East,MID,4,1,2,3411.61,6.73,3411.61,0,3411.61
2026-06-19,East,SMB,8,3,9,1368.85,6.37,4106.54,0,4106.54
2026-06-19,West,ENT,3,1,1,9258.68,5.28,9258.68,0,9258.68
2026-06-19,West,MID,6,2,4,3370.68,6.25,6741.36,0,6741.36
2026-06-19,West,SMB,10,3,9,1400.87,4.89,4202.6,0,4202.6
2026-06-20,North,ENT,2,1,1,8996.89,8.22,8996.89,0,8996.89
2026-06-20,North,MID,5,2,4,3291.04,6.86,6582.07,0,6582.07
2026-06-20,North,SMB,7,2,6,1338.73,6.23,2677.46,0,2677.46
2026-06-20,South,ENT,2,1,1,9082.31,4.95,9082.31,0,9082.31
2026-06-20,South,MID,3,1,2,3396.98,6.12,3396.98,0,3396.98
2026-06-20,South,SMB,7,2,6,1370.2,6.45,2740.4,0,2740.4
2026-06-20,East,ENT,1,0,0,8973.45,6.42,0.0,0,0.0
2026-06-20,East,MID,3,1,2,3345.8,6.35,3345.8,0,3345.8
2026-06-20,East,SMB,5,2,6,1363.27,4.2,2726.54,0,2726.54
2026-06-20,West,ENT,1,0,0,9264.88,5.78,0.0,0,0.0
2026-06-20,West,MID,3,1,2,3393.25,5.53,3393.25,0,3393.25
2026-06-20,West,SMB,5,2,6,1397.94,5.48,2795.87,0,2795.87
2026-06-21,North,ENT,2,1,1,9374.63,4.18,9374.63,0,9374.63
2026-06-21,North,MID,4,1,2,3280.47,8.19,3280.47,0,3280.47
2026-06-21,North,SMB,7,2,6,1383.52,5.32,2767.05,0,2767.05
2026-06-21,South,ENT,2,1,1,9168.71,3.94,9168.71,0,9168.71
2026-06-21,South,MID,4,1,2,3440.5,6.14,3440.5,0,3440.5
2026-06-21,South,SMB,7,2,6,1381.12,4.84,2762.24,0,2762.24
2026-06-21,East,ENT,1,0,0,9310.83,5.95,0.0,0,0.0
2026-06-21,East,MID,2,1,2,3427.79,5.71,3427.79,0,3427.79
2026-06-21,East,SMB,6,2,6,1404.61,5.09,2809.22,0,2809.22
2026-06-21,West,ENT,1,0,0,9089.16,5.8,0.0,0,0.0
2026-06-21,West,MID,3,1,2,3332.37,6.03,3332.37,0,3332.37
2026-06-21,West,SMB,6,2,6,1412.25,4.9,2824.49,0,2824.49
2026-06-22,North,ENT,3,1,1,9275.11,5.55,9275.11,0,9275.11
2026-06-22,North,MID,6,2,4,3400.79,4.84,6801.57,0,6801.57
2026-06-22,North,SMB,13,5,15,1412.38,5.4,7061.88,0,7061.88
2026-06-22,South,ENT,3,1,1,9178.92,6.05,9178.92,0,9178.92
2026-06-22,South,MID,6,2,4,3349.46,7.19,6698.92,0,6698.92
2026-06-22,South,SMB,12,4,12,1392.36,4.12,5569.44,0,5569.44
2026-06-22,East,ENT,3,1,1,8912.23,5.84,8912.23,0,8912.23
2026-06-22,East,MID,6,2,4,3383.0,5.26,6765.99,0,6765.99
2026-06-22,East,SMB,12,4,12,1336.21,6.43,5344.84,0,5344.84
2026-06-22,West,ENT,2,1,1,9343.33,6.75,9343.33,0,9343.33
2026-06-22,West,MID,4,1,2,3479.98,4.77,3479.98,0,3479.98
2026-06-22,West,SMB,10,3,9,1336.87,7.07,4010.6,0,4010.6
2026-06-23,North,ENT,3,1,1,9149.74,5.86,9149.74,0,9149.74
2026-06-23,North,MID,6,2,4,3427.4,5.82,6854.81,0,6854.81
2026-06-23,North,SMB,10,3,9,1388.15,4.53,4164.45,0,4164.45
2026-06-23,South,ENT,3,1,1,9299.41,5.83,9299.41,0,9299.41
2026-06-23,South,MID,5,2,4,3441.11,4.04,6882.22,0,6882.22
2026-06-23,South,SMB,14,5,15,1354.71,7.44,6773.56,0,6773.56
2026-06-23,East,ENT,3,1,1,8979.58,5.53,8979.58,0,8979.58
2026-06-23,East,MID,5,2,4,3362.55,7.79,6725.1,0,6725.1
2026-06-23,East,SMB,9,3,9,1403.53,4.5,4210.6,0,4210.6
2026-06-23,West,ENT,3,1,1,9065.34,5.69,9065.34,0,9065.34
2026-06-23,West,MID,6,2,4,3485.25,4.34,6970.51,0,6970.51
2026-06-23,West,SMB,8,3,9,1367.96,5.43,4103.88,0,4103.88
2026-06-24,North,ENT,3,1,1,8876.56,6.78,8876.56,0,8876.56
2026-06-24,North,MID,7,2,4,3362.93,5.02,6725.87,0,6725.87
2026-06-24,North,SMB,12,4,12,1354.85,5.78,5419.39,0,5419.39
2026-06-24,South,ENT,3,1,1,8872.48,6.72,8872.48,0,8872.48
2026-06-24,South,MID,5,2,4,3309.61,7.61,6619.23,0,6619.23
2026-06-24,South,SMB,11,4,12,1358.17,5.42,5432.69,0,5432.69
2026-06-24,East,ENT,2,1,1,9231.71,5.5,9231.71,0,9231.71
2026-06-24,East,MID,5,2,4,3304.58,6.59,6609.17,0,6609.17
2026-06-24,East,SMB,9,3,9,1392.1,7.71,4176.29,0,4176.29
2026-06-24,West,ENT,3,1,1,8815.5,8.09,8815.5,0,8815.5
2026-06-24,West,MID,5,2,4,3361.98,7.18,6723.97,0,6723.97
2026-06-24,West,SMB,9,3,9,1327.33,4.71,3981.99,0,3981.99
2026-06-25,North,ENT,3,1,1,9175.86,6.26,9175.86,0,9175.86
2026-06-25,North,MID,7,2,4,3355.03,6.25,6710.06,0,6710.06
2026-06-25,North,SMB,13,4,12,1394.31,5.09,5577.24,0,5577.24
2026-06-25,South,ENT,3,1,1,9323.77,5.37,9323.77,0,9323.77
2026-06-25,South,MID,7,2,4,3384.38,5.75,6768.75,0,6768.75
2026-06-25,South,SMB,11,4,12,1365.69,6.4,5462.74,0,5462.74
2026-06-25,East,ENT,2,1,1,9265.5,6.31,9265.5,0,9265.5
2026-06-25,East,MID,5,2,4,3385.19,7.03,6770.39,0,6770.39
2026-06-25,East,SMB,10,3,9,1376.1,5.78,4128.31,0,4128.31
2026-06-25,West,ENT,2,1,1,8951.0,6.89,8951.0,0,8951.0
2026-06-25,West,MID,7,2,4,3243.27,7.68,6486.53,0,6486.53
2026-06-25,West,SMB,10,4,12,1388.22,3.98,5552.86,0,5552.86
2026-06-26,North,ENT,3,1,1,9259.13,5.32,9259.13,0,9259.13
2026-06-26,North,MID,5,2,4,3351.0,5.7,6702.0,0,6702.0
2026-06-26,North,SMB,9,3,9,1339.2,5.57,4017.61,0,4017.61
2026-06-26,South,ENT,3,1,1,9562.08,4.4,9562.08,0,9562.08
2026-06-26,South,MID,5,2,4,3420.81,6.09,6841.61,0,6841.61
2026-06-26,South,SMB,10,3,9,1400.62,4.52,4201.87,0,4201.87
2026-06-26,East,ENT,2,1,1,9325.44,4.65,9325.44,0,9325.44
2026-06-26,East,MID,4,1,2,3359.3,7.53,3359.3,0,3359.3
2026-06-26,East,SMB,9,3,9,1361.71,4.3,4085.12,0,4085.12
2026-06-26,West,ENT,2,1,1,9355.41,6.35,9355.41,0,9355.41
2026-06-26,West,MID,5,2,4,3364.52,5.16,6729.05,0,6729.05
2026-06-26,West,SMB,10,3,9,1373.15,5.57,4119.44,0,4119.44
2026-06-27,North,ENT,1,0,0,8984.68,6.18,0.0,0,0.0
2026-06-27,North,MID,4,1,2,3453.21,6.15,3453.21,0,3453.21
2026-06-27,North,SMB,7,2,6,1380.34,5.15,2760.68,0,2760.68
2026-06-27,South,ENT,2,1,1,9530.34,4.48,9530.34,0,9530.34
2026-06-27,South,MID,3,1,2,3436.59,5.51,3436.59,0,3436.59
2026-06-27,South,SMB,8,3,9,1353.9,7.25,4061.69,0,4061.69
2026-06-27,East,ENT,2,1,1,9321.89,6.13,9321.89,0,9321.89
2026-06-27,East,MID,3,1,2,3369.11,6.47,3369.11,0,3369.11
2026-06-27,East,SMB,5,2,6,1420.65,5.08,2841.3,0,2841.3
2026-06-27,West,ENT,1,0,0,9162.05,7.54,0.0,0,0.0
2026-06-27,West,MID,2,1,2,3301.39,6.29,3301.39,0,3301.39
2026-06-27,West,SMB,6,2,6,1331.42,6.59,2662.84,0,2662.84
2026-06-28,North,ENT,2,1,1,9284.52,5.65,9284.52,0,9284.52
2026-06-28,North,MID,3,1,2,3278.05,8.38,3278.05,0,3278.05
2026-06-28,North,SMB,7,2,6,1355.33,6.84,2710.66,0,2710.66
2026-06-28,South,ENT,1,0,0,9252.99,5.5,0.0,0,0.0
2026-06-28,South,MID,3,1,2,3354.08,7.02,3354.08,0,3354.08
2026-06-28,South,SMB,7,2,6,1354.19,5.81,2708.38,0,2708.38
2026-06-28,East,ENT,1,0,0,9038.35,7.36,0.0,0,0.0
2026-06-28,East,MID,3,1,2,3311.93,7.58,3311.93,0,3311.93
2026-06-28,East,SMB,4,1,3,1336.89,6.61,1336.89,0,1336.89
2026-06-28,West,ENT,1,0,0,9191.41,6.71,0.0,0,0.0
2026-06-28,West,MID,3,1,2,3319.65,6.89,3319.65,0,3319.65
2026-06-28,West,SMB,5,2,6,1366.33,6.84,2732.66,0,2732.66
2026-06-29,North,ENT,3,1,1,8995.09,7.63,8995.09,0,8995.09
2026-06-29,North,MID,7,2,4,3319.66,6.18,6639.32,0,6639.32
2026-06-29,North,SMB,11,4,12,1313.5,7.37,5254.0,0,5254.0
2026-06-29,South,ENT,3,1,1,9097.09,6.94,9097.09,0,9097.09
2026-06-29,South,MID,7,2,4,3333.25,8.29,6666.5,0,6666.5
2026-06-29,South,SMB,14,5,15,1344.1,6.34,6720.52,0,6720.52
2026-06-29,East,ENT,2,1,1,9393.56,6.92,9393.56,0,9393.56
2026-06-29,East,MID,5,2,4,3414.11,5.24,6828.21,0,6828.21
2026-06-29,East,SMB,9,3,9,1361.82,5.58,4085.46,0,4085.46
2026-06-29,West,ENT,3,1,1,9238.71,5.03,9238.71,0,9238.71
2026-06-29,West,MID,6,2,4,3334.29,7.05,6668.58,0,6668.58
2026-06-29,West,SMB,11,4,12,1367.05,6.0,5468.22,0,5468.22
2026-06-30,North,ENT,3,1,1,9087.26,4.83,9087.26,0,9087.26
2026-06-30,North,MID,6,2,4,3334.98,5.55,6669.96,0,6669.96
2026-06-30,North,SMB,12,4,12,1336.09,6.38,5344.34,0,5344.34
2026-06-30,South,ENT,3,1,1,9262.81,4.92,9262.81,0,9262.81
2026-06-30,South,MID,5,2,4,3321.3,5.06,6642.6,0,6642.6
2026-06-30,South,SMB,14,4,12,1337.99,5.4,5351.94,0,5351.94
2026-06-30,East,ENT,3,1,1,9233.47,6.05,9233.47,0,9233.47
2026-06-30,East,MID,4,1,2,3439.59,5.64,3439.59,0,3439.59
2026-06-30,East,SMB,11,4,12,1338.33,5.72,5353.34,0,5353.34
2026-06-30,West,ENT,3,1,1,9396.78,5.54,9396.78,0,9396.78
2026-06-30,West,MID,5,2,4,3298.08,6.78,6596.17,0,6596.17
2026-06-30,West,SMB,11,4,12,1373.0,4.85,5492.01,0,5492.01
2026-07-01,North,ENT,4,1,1,9125.1,5.94,9125.1,0,9125.1
2026-07-01,North,MID,7,2,4,3344.87,6.32,6689.74,0,6689.74
2026-07-01,North,SMB,12,4,12,1363.87,6.63,5455.48,0,5455.48
2026-07-01,South,ENT,3,1,1,9253.29,6.27,9253.29,0,9253.29
2026-07-01,South,MID,5,2,4,3278.4,8.07,6556.81,0,6556.81
2026-07-01,South,SMB,11,4,12,1412.11,5.24,5648.42,0,5648.42
2026-07-01,East,ENT,2,1,1,9373.83,5.14,9373.83,0,9373.83
2026-07-01,East,MID,6,2,4,3377.39,7.03,6754.78,0,6754.78
2026-07-01,East,SMB,11,4,12,1352.9,6.22,5411.59,0,5411.59
2026-07-01,West,ENT,2,1,1,9209.7,6.47,9209.7,0,9209.7
2026-07-01,West,MID,5,2,4,3420.91,6.44,6841.82,0,6841.82
2026-07-01,West,SMB,8,3,9,1401.04,5.03,4203.13,0,4203.13
2026-07-02,North,ENT,4,1,1,9444.1,5.52,9444.1,0,9444.1
2026-07-02,North,MID,6,2,4,3385.72,6.13,6771.45,0,6771.45
2026-07-02,North,SMB,13,5,15,1379.24,5.32,6896.22,0,6896.22
2026-07-02,South,ENT,3,1,1,9135.68,4.57,9135.68,0,9135.68
2026-07-02,South,MID,6,2,4,3380.43,6.82,6760.86,0,6760.86
2026-07-02,South,SMB,14,5,15,1330.28,7.72,6651.41,0,6651.41
2026-07-02,East,ENT,2,1,1,8892.85,7.45,8892.85,0,8892.85
2026-07-02,East,MID,5,2,4,3420.98,5.85,6841.95,0,6841.95
2026-07-02,East,SMB,9,3,9,1352.35,7.11,4057.06,0,4057.06
2026-07-02,West,ENT,2,1,1,8683.75,7.91,8683.75,0,8683.75
2026-07-02,West,MID,6,2,4,3311.78,6.44,6623.56,0,6623.56
2026-07-02,West,SMB,11,4,12,1406.55,4.85,5626.22,0,5626.22
2026-07-03,North,ENT,3,1,1,9126.3,5.22,9126.3,0,9126.3
2026-07-03,North,MID,6,2,4,3411.79,6.19,6823.59,0,6823.59
2026-07-03,North,SMB,11,4,12,1352.68,6.46,5410.71,0,5410.71
2026-07-03,South,ENT,3,1,1,9663.17,4.29,9663.17,0,9663.17
2026-07-03,South,MID,7,2,4,3406.25,5.83,6812.5,0,6812.5
2026-07-03,South,SMB,9,3,9,1335.64,4.83,4006.93,0,4006.93
2026-07-03,East,ENT,3,1,1,9481.76,4.12,9481.76,0,9481.76
2026-07-03,East,MID,5,2,4,3377.27,5.6,6754.55,0,6754.55
2026-07-03,East,SMB,9,3,9,1393.42,6.34,4180.26,0,4180.26
2026-07-03,West,ENT,3,1,1,9386.3,4.01,9386.3,0,9386.3
2026-07-03,West,MID,5,2,4,3366.8,6.18,6733.59,0,6733.59
2026-07-03,West,SMB,10,3,9,1363.36,7.42,4090.08,0,4090.08
2026-07-04,North,ENT,2,1,1,9098.07,6.6,9098.07,0,9098.07
2026-07-04,North,MID,4,1,2,3428.06,5.87,3428.06,0,3428.06
2026-07-04,North,SMB,7,2,6,1372.59,6.04,2745.19,0,2745.19
2026-07-04,South,ENT,2,1,1,9175.86,6.93,9175.86,0,9175.86
2026-07-04,South,MID,4,1,2,3353.57,7.2,3353.57,0,3353.57
2026-07-04,South,SMB,7,2,6,1363.92,7.04,2727.85,0,2727.85
2026-07-04,East,ENT,2,1,1,9097.82,6.58,9097.82,0,9097.82
2026-07-04,East,MID,3,1,2,3384.48,6.89,3384.48,0,3384.48
2026-07-04,East,SMB,5,2,6,1332.43,4.88,2664.86,0,2664.86
2026-07-04,West,ENT,2,1,1,9178.35,4.04,9178.35,0,9178.35
2026-07-04,West,MID,4,1,2,3452.83,6.75,3452.83,0,3452.83
2026-07-04,West,SMB,7,3,9,1357.91,6.07,4073.73,0,4073.73
2026-07-05,North,ENT,2,1,1,9395.36,6.0,9395.36,0,9395.36
2026-07-05,North,MID,3,1,2,3440.35,6.62,3440.35,0,3440.35
2026-07-05,North,SMB,6,2,6,1346.74,5.1,2693.47,0,2693.47
2026-07-05,South,ENT,1,0,0,9438.05,4.99,0.0,0,0.0
2026-07-05,South,MID,3,1,2,3335.58,7.85,3335.58,0,3335.58
2026-07-05,South,SMB,7,2,6,1365.82,6.58,2731.64,0,2731.64
2026-07-05,East,ENT,1,0,0,9189.53,6.12,0.0,0,0.0
2026-07-05,East,MID,3,1,2,3353.47,7.49,3353.47,0,3353.47
2026-07-05,East,SMB,5,2,6,1346.62,6.74,2693.23,0,2693.23
2026-07-05,West,ENT,1,0,0,9200.56,6.2,0.0,0,0.0
2026-07-05,West,MID,3,1,2,3394.07,6.58,3394.07,0,3394.07
2026-07-05,West,SMB,6,2,6,1418.36,5.48,2836.71,0,2836.71
2026-07-06,North,ENT,3,1,1,9441.46,4.82,9441.46,0,9441.46
2026-07-06,North,MID,6,2,4,3384.95,5.43,6769.89,0,6769.89
2026-07-06,North,SMB,15,5,15,1341.44,6.14,6707.18,0,6707.18
2026-07-06,South,ENT,3,1,1,9108.7,5.09,9108.7,0,9108.7
2026-07-06,South,MID,5,2,4,3327.17,6.14,6654.34,0,6654.34
2026-07-06,South,SMB,14,5,15,1406.31,6.05,7031.57,0,7031.57
2026-07-06,East,ENT,3,1,1,9038.39,7.61,9038.39,0,9038.39
2026-07-06,East,MID,5,2,4,3307.06,6.14,6614.11,0,6614.11
2026-07-06,East,SMB,9,3,9,1368.54,5.6,4105.63,0,4105.63
2026-07-06,West,ENT,2,1,1,9103.53,7.43,9103.53,0,9103.53
2026-07-06,West,MID,5,2,4,3481.58,3.96,6963.17,0,6963.17
2026-07-06,West,SMB,11,4,12,1363.41,5.36,5453.63,0,5453.63
2026-07-07,North,ENT,3,1,1,9453.73,5.42,9453.73,0,9453.73
2026-07-07,North,MID,7,2,4,3241.51,7.64,6483.02,0,6483.02
2026-07-07,North,SMB,11,4,12,1367.31,6.99,5469.25,0,5469.25
2026-07-07,South,ENT,3,1,1,9138.49,5.32,9138.49,0,9138.49
2026-07-07,South,MID,7,2,4,3442.12,7.21,6884.23,0,6884.23
2026-07-07,South,SMB,14,4,12,1339.86,7.09,5359.42,0,5359.42
2026-07-07,East,ENT,2,1,1,9347.5,7.28,9347.5,0,9347.5
2026-07-07,East,MID,5,2,4,3458.2,4.91,6916.4,0,6916.4
2026-07-07,East,SMB,10,3,9,1337.05,7.61,4011.14,0,4011.14
2026-07-07,West,ENT,2,1,1,9053.84,5.08,9053.84,0,9053.84
2026-07-07,West,MID,5,2,4,3405.35,5.5,6810.69,0,6810.69
2026-07-07,West,SMB,11,4,12,1389.0,5.21,5556.02,0,5556.02
2026-07-08,North,ENT,4,1,1,9109.43,6.91,9109.43,0,9109.43
2026-07-08,North,MID,6,2,4,3382.31,5.62,6764.63,0,6764.63
2026-07-08,North,SMB,11,4,12,1381.41,6.12,5525.65,0,5525.65
2026-07-08,South,ENT,3,1,1,9297.41,5.4,9297.41,0,9297.41
2026-07-08,South,MID,5,2,4,3427.94,4.64,6855.88,0,6855.88
2026-07-08,South,SMB,14,5,15,1361.08,6.65,6805.41,0,6805.41
2026-07-08,East,ENT,2,1,1,9252.01,5.96,9252.01,0,9252.01
2026-07-08,East,MID,6,2,4,3505.42,4.57,7010.85,0,7010.85
2026-07-08,East,SMB,9,3,9,1367.64,5.26,4102.92,0,4102.92
2026-07-08,West,ENT,3,1,1,9380.06,4.14,9380.06,0,9380.06
2026-07-08,West,MID,5,2,4,3469.23,4.58,6938.45,0,6938.45
2026-07-08,West,SMB,11,4,12,1339.11,6.88,5356.45,0,5356.45
2026-07-09,North,ENT,3,1,1,9334.65,6.14,9334.65,0,9334.65
2026-07-09,North,MID,7,2,4,3366.6,4.7,6733.2,0,6733.2
2026-07-09,North,SMB,12,4,12,1364.62,6.16,5458.5,0,5458.5
2026-07-09,South,ENT,3,1,1,9089.59,5.12,9089.59,0,9089.59
2026-07-09,South,MID,7,2,4,3468.54,3.45,6937.09,0,6937.09
2026-07-09,South,SMB,12,4,12,1363.54,7.42,5454.15,0,5454.15
2026-07-09,East,ENT,2,1,1,9016.67,8.34,9016.67,0,9016.67
2026-07-09,East,MID,5,2,4,3367.57,5.17,6735.14,0,6735.14
2026-07-09,East,SMB,11,4,12,1375.7,5.32,5502.79,0,5502.79
2026-07-09,West,ENT,3,1,1,9054.5,7.19,9054.5,0,9054.5
2026-07-09,West,MID,5,2,4,3409.56,6.34,6819.11,0,6819.11
2026-07-09,West,SMB,10,4,12,1334.14,7.57,5336.58,0,5336.58
2026-07-10,North,ENT,3,1,1,9025.18,6.41,9025.18,0,9025.18
2026-07-10,North,MID,6,2,4,3380.14,5.31,6760.27,0,6760.27
2026-07-10,North,SMB,9,3,9,1377.83,5.84,4133.5,0,4133.5
2026-07-10,South,ENT,3,1,1,9174.77,6.29,9174.77,0,9174.77
2026-07-10,South,MID,5,2,4,3493.45,4.97,6986.91,0,6986.91
2026-07-10,South,SMB,15,5,15,1371.86,5.42,6859.28,0,6859.28
2026-07-10,East,ENT,2,1,1,9407.77,4.01,9407.77,0,9407.77
2026-07-10,East,MID,5,2,4,3394.35,5.86,6788.71,0,6788.71
2026-07-10,East,SMB,7,2,6,1315.58,7.22,2631.15,0,2631.15
2026-07-10,West,ENT,2,1,1,9139.73,5.16,9139.73,0,9139.73
2026-07-10,West,MID,6,2,4,3431.14,5.67,6862.28,0,6862.28
2026-07-10,West,SMB,9,3,9,1333.91,7.72,4001.72,0,4001.72
2026-07-11,North,ENT,2,1,1,9211.11,6.94,9211.11,0,9211.11
2026-07-11,North,MID,3,1,2,3466.39,6.0,3466.39,0,3466.39
2026-07-11,North,SMB,6,2,6,1352.78,4.57,2705.56,0,2705.56
2026-07-11,South,ENT,2,1,1,9227.44,5.01,9227.44,0,9227.44
2026-07-11,South,MID,3,1,2,3416.85,6.6,3416.85,0,3416.85
2026-07-11,South,SMB,9,3,9,1358.96,6.11,4076.87,0,4076.87
2026-07-11,East,ENT,1,0,0,9170.07,5.88,0.0,0,0.0
2026-07-11,East,MID,3,1,2,3374.64,6.6,3374.64,0,3374.64
2026-07-11,East,SMB,6,2,6,1323.8,7.06,2647.61,0,2647.61
2026-07-11,West,ENT,2,1,1,9187.73,6.48,9187.73,0,9187.73
2026-07-11,West,MID,2,1,2,3410.66,6.83,3410.66,0,3410.66
2026-07-11,West,SMB,7,2,6,1345.17,5.29,2690.35,0,2690.35
2026-07-12,North,ENT,2,1,1,8848.39,6.83,8848.39,0,8848.39
2026-07-12,North,MID,3,1,2,3405.79,4.97,3405.79,0,3405.79
2026-07-12,North,SMB,5,2,6,1358.92,4.32,2717.84,0,2717.84
2026-07-12,South,ENT,1,0,0,9456.14,5.57,0.0,0,0.0
2026-07-12,South,MID,3,1,2,3410.42,5.88,3410.42,0,3410.42
2026-07-12,South,SMB,7,3,9,1336.99,5.57,4010.98,0,4010.98
2026-07-12,East,ENT,1,0,0,9277.98,5.21,0.0,0,0.0
2026-07-12,East,MID,2,1,2,3466.2,4.9,3466.2,0,3466.2
2026-07-12,East,SMB,4,1,3,1382.49,5.76,1382.49,0,1382.49
2026-07-12,West,ENT,1,0,0,9188.97,4.82,0.0,0,0.0
2026-07-12,West,MID,3,1,2,3444.51,5.29,3444.51,0,3444.51
2026-07-12,West,SMB,5,2,6,1306.06,8.94,2612.12,0,2612.12
2026-07-13,North,ENT,3,1,1,9129.71,6.94,9129.71,0,9129.71
2026-07-13,North,MID,7,2,4,3352.42,6.03,6704.83,0,6704.83
2026-07-13,North,SMB,12,4,12,1370.46,4.49,5481.84,0,5481.84
2026-07-13,South,ENT,2,1,1,9293.3,5.03,9293.3,0,9293.3
2026-07-13,South,MID,6,2,4,3289.01,5.46,6578.02,0,6578.02
2026-07-13,South,SMB,14,5,15,1367.93,7.44,6839.66,0,6839.66
2026-07-13,East,ENT,2,1,1,9338.59,5.37,9338.59,0,9338.59
2026-07-13,East,MID,5,2,4,3355.62,6.51,6711.24,0,6711.24
2026-07-13,East,SMB,10,4,12,1321.17,7.56,5284.69,0,5284.69
2026-07-13,West,ENT,3,1,1,9181.16,6.76,9181.16,0,9181.16
2026-07-13,West,MID,5,2,4,3335.96,6.84,6671.91,0,6671.91
2026-07-13,West,SMB,10,4,12,1376.06,6.44,5504.23,0,5504.23
2026-07-14,North,ENT,3,1,1,9197.45,5.32,9197.45,0,9197.45
2026-07-14,North,MID,8,3,6,3385.19,6.08,10155.58,0,10155.58
2026-07-14,North,SMB,13,4,12,1365.32,7.5,5461.29,0,5461.29
2026-07-14,South,ENT,3,1,1,9140.95,7.15,9140.95,0,9140.95
2026-07-14,South,MID,6,2,4,3322.73,6.39,6645.46,0,6645.46
2026-07-14,South,SMB,14,5,15,1329.77,7.02,6648.85,0,6648.85
2026-07-14,East,ENT,3,1,1,9274.04,6.07,9274.04,0,9274.04
2026-07-14,East,MID,5,2,4,3239.53,7.02,6479.05,0,6479.05
2026-07-14,East,SMB,9,3,9,1377.66,5.27,4132.99,0,4132.99
2026-07-14,West,ENT,2,1,1,8983.88,7.11,8983.88,0,8983.88
2026-07-14,West,MID,6,2,4,3322.18,7.49,6644.37,0,6644.37
2026-07-14,West,SMB,11,4,12,1350.03,7.05,5400.12,0,5400.12
2026-07-15,North,ENT,4,1,1,9331.32,5.7,9331.32,0,9331.32
2026-07-15,North,MID,7,3,6,3484.68,4.24,10454.05,0,10454.05
2026-07-15,North,SMB,12,4,12,1361.89,6.95,5447.58,0,5447.58
2026-07-15,South,ENT,3,1,1,9248.23,5.42,9248.23,0,9248.23
2026-07-15,South,MID,6,2,4,3452.45,3.89,6904.91,0,6904.91
2026-07-15,South,SMB,13,4,12,1383.84,5.42,5535.34,0,5535.34
2026-07-15,East,ENT,2,1,1,9168.54,7.13,9168.54,0,9168.54
2026-07-15,East,MID,6,2,4,3276.99,7.23,6553.99,0,6553.99
2026-07-15,East,SMB,10,3,9,1349.19,7.25,4047.58,0,4047.58
2026-07-15,West,ENT,3,1,1,9120.64,6.3,9120.64,0,9120.64
2026-07-15,West,MID,5,2,4,3400.69,6.17,6801.37,0,6801.37
2026-07-15,West,SMB,12,4,12,1344.04,7.2,5376.16,0,5376.16
2026-07-16,North,ENT,3,1,1,9420.77,4.82,9420.77,0,9420.77
2026-07-16,North,MID,6,2,4,3371.0,6.23,6742.0,0,6742.0
2026-07-16,North,SMB,13,4,12,1316.76,7.19,5267.03,0,5267.03
2026-07-16,South,ENT,3,1,1,9244.07,6.42,9244.07,0,9244.07
2026-07-16,South,MID,6,2,4,3396.58,5.81,6793.16,0,6793.16
2026-07-16,South,SMB,13,5,15,1348.92,5.93,6744.58,0,6744.58
2026-07-16,East,ENT,3,1,1,9266.79,5.88,9266.79,0,9266.79
2026-07-16,East,MID,5,2,4,3468.91,4.11,6937.81,0,6937.81
2026-07-16,East,SMB,8,3,9,1391.78,5.72,4175.33,0,4175.33
2026-07-16,West,ENT,3,1,1,9067.52,7.81,9067.52,0,9067.52
2026-07-16,West,MID,5,2,4,3345.59,5.55,6691.17,0,6691.17
2026-07-16,West,SMB,12,4,12,1338.32,6.33,5353.29,0,5353.29
2026-07-17,North,ENT,3,1,1,9161.28,5.88,9161.28,0,9161.28
2026-07-17,North,MID,7,2,4,3311.34,7.19,6622.68,0,6622.68
2026-07-17,North,SMB,12,4,12,1363.1,5.22,5452.4,0,5452.4
2026-07-17,South,ENT,3,1,1,9314.99,5.62,9314.99,0,9314.99
2026-07-17,South,MID,5,2,4,3436.5,5.87,6873.0,0,6873.0
2026-07-17,South,SMB,12,4,12,1336.18,6.99,5344.73,0,5344.73
2026-07-17,East,ENT,2,1,1,9439.71,4.34,9439.71,0,9439.71
2026-07-17,East,MID,4,1,2,3374.33,5.43,3374.33,0,3374.33
2026-07-17,East,SMB,9,3,9,1370.47,6.72,4111.42,0,4111.42
2026-07-17,West,ENT,3,1,1,9101.78,5.91,9101.78,0,9101.78
2026-07-17,West,MID,5,2,4,3431.12,5.26,6862.24,0,6862.24
2026-07-17,West,SMB,8,2,6,1327.88,6.89,2655.76,0,2655.76
2026-07-18,North,ENT,2,1,1,9285.63,5.52,9285.63,0,9285.63
2026-07-18,North,MID,3,1,2,3328.54,6.26,3328.54,0,3328.54
2026-07-18,North,SMB,7,3,9,1383.81,6.33,4151.43,0,4151.43
2026-07-18,South,ENT,1,0,0,9228.08,5.86,0.0,0,0.0
2026-07-18,South,MID,3,1,2,3290.0,6.71,3290.0,0,3290.0
2026-07-18,South,SMB,7,2,6,1403.96,5.34,2807.93,0,2807.93
2026-07-18,East,ENT,1,0,0,9441.45,6.63,0.0,0,0.0
2026-07-18,East,MID,3,1,2,3382.38,6.76,3382.38,0,3382.38
2026-07-18,East,SMB,7,2,6,1345.99,5.27,2691.99,0,2691.99
2026-07-18,West,ENT,1,0,0,9403.75,5.38,0.0,0,0.0
2026-07-18,West,MID,3,1,2,3435.58,5.5,3435.58,0,3435.58
2026-07-18,West,SMB,7,2,6,1378.67,6.25,2757.34,0,2757.34
2026-07-19,North,ENT,1,0,0,9307.03,4.56,0.0,0,0.0
2026-07-19,North,MID,2,1,2,3434.28,4.86,3434.28,0,3434.28
2026-07-19,North,SMB,5,2,6,1403.34,5.14,2806.67,0,2806.67
2026-07-19,South,ENT,1,0,0,9032.11,5.98,0.0,0,0.0
2026-07-19,South,MID,3,1,2,3418.43,5.85,3418.43,0,3418.43
2026-07-19,South,SMB,6,2,6,1378.78,5.39,2757.56,0,2757.56
2026-07-19,East,ENT,1,0,0,9527.36,3.44,0.0,0,0.0
2026-07-19,East,MID,3,1,2,3385.88,6.39,3385.88,0,3385.88
2026-07-19,East,SMB,6,2,6,1279.55,7.16,2559.11,0,2559.11
2026-07-19,West,ENT,1,0,0,9212.03,6.56,0.0,0,0.0
2026-07-19,West,MID,2,1,2,3393.81,6.31,3393.81,0,3393.81
2026-07-19,West,SMB,5,2,6,1359.87,6.7,2719.74,0,2719.74
2026-07-20,North,ENT,3,1,1,9468.05,5.73,9468.05,0,9468.05
2026-07-20,North,MID,6,2,4,3343.91,6.2,6687.81,0,6687.81
2026-07-20,North,SMB,13,4,12,1337.13,6.84,5348.52,0,5348.52
2026-07-20,South,ENT,3,1,1,8907.27,8.23,8907.27,0,8907.27
2026-07-20,South,MID,6,2,4,3412.12,6.1,6824.24,0,6824.24
2026-07-20,South,SMB,14,5,15,1318.42,7.49,6592.1,0,6592.1
2026-07-20,East,ENT,2,1,1,9349.55,5.33,9349.55,0,9349.55
2026-07-20,East,MID,4,1,2,3388.51,7.17,3388.51,0,3388.51
2026-07-20,East,SMB,8,2,6,1348.32,6.3,2696.63,0,2696.63
2026-07-20,West,ENT,3,1,1,9450.66,5.86,9450.66,0,9450.66
2026-07-20,West,MID,7,2,4,3431.29,6.46,6862.58,0,6862.58
2026-07-20,West,SMB,8,2,6,1378.27,5.02,2756.53,0,2756.53
2026-07-21,North,ENT,3,1,1,9216.55,6.62,9216.55,0,9216.55
2026-07-21,North,MID,7,2,4,3418.97,6.96,6837.94,0,6837.94
2026-07-21,North,SMB,12,4,12,1392.36,5.46,5569.45,0,5569.45
2026-07-21,South,ENT,3,1,1,9215.53,4.76,9215.53,0,9215.53
2026-07-21,South,MID,6,2,4,3356.64,6.13,6713.28,0,6713.28
2026-07-21,South,SMB,13,4,12,1354.51,5.86,5418.05,0,5418.05
2026-07-21,East,ENT,3,1,1,9388.26,5.64,9388.26,0,9388.26
2026-07-21,East,MID,5,2,4,3360.32,5.72,6720.63,0,6720.63
2026-07-21,East,SMB,8,3,9,1349.87,5.9,4049.61,0,4049.61
2026-07-21,West,ENT,3,1,1,9247.87,6.6,9247.87,0,9247.87
2026-07-21,West,MID,6,2,4,3442.28,4.91,6884.55,0,6884.55
2026-07-21,West,SMB,10,4,12,1353.02,5.11,5412.07,0,5412.07
2026-07-22,North,ENT,3,1,1,9146.83,6.89,9146.83,0,9146.83
2026-07-22,North,MID,6,2,4,3478.26,4.49,6956.52,0,6956.52
2026-07-22,North,SMB,13,4,12,1359.01,6.44,5436.02,0,5436.02
2026-07-22,South,ENT,3,1,1,9256.67,6.58,9256.67,0,9256.67
2026-07-22,South,MID,6,2,4,3512.77,5.62,7025.54,0,7025.54
2026-07-22,South,SMB,14,5,15,1360.41,5.05,6802.04,0,6802.04
2026-07-22,East,ENT,3,1,1,9187.48,5.72,9187.48,0,9187.48
2026-07-22,East,MID,6,2,4,3224.09,6.86,6448.19,0,6448.19
2026-07-22,East,SMB,11,4,12,1365.89,7.31,5463.57,0,5463.57
2026-07-22,West,ENT,3,1,1,8986.25,6.74,8986.25,0,8986.25
2026-07-22,West,MID,6,2,4,3321.53,6.11,6643.06,0,6643.06
2026-07-22,West,SMB,10,3,9,1345.97,5.72,4037.91,0,4037.91
2026-07-23,North,ENT,3,1,1,9264.88,4.35,9264.88,0,9264.88
2026-07-23,North,MID,7,2,4,3391.08,5.08,6782.15,0,6782.15
2026-07-23,North,SMB,9,3,9,1328.08,8.26,3984.24,0,3984.24
2026-07-23,South,ENT,3,1,1,9312.34,6.47,9312.34,0,9312.34
2026-07-23,South,MID,6,2,4,3271.09,7.68,6542.19,0,6542.19
2026-07-23,South,SMB,15,5,15,1355.46,6.23,6777.28,0,6777.28
2026-07-23,East,ENT,2,1,1,9345.06,5.6,9345.06,0,9345.06
2026-07-23,East,MID,5,2,4,3394.2,6.39,6788.4,0,6788.4
2026-07-23,East,SMB,9,3,9,1363.16,6.07,4089.48,0,4089.48
2026-07-23,West,ENT,3,1,1,9148.31,7.36,9148.31,0,9148.31
2026-07-23,West,MID,6,2,4,3423.4,6.13,6846.8,0,6846.8
2026-07-23,West,SMB,10,3,9,1383.84,5.6,4151.51,0,4151.51
2026-07-24,North,ENT,2,1,1,9160.25,6.71,9160.25,0,9160.25
2026-07-24,North,MID,6,2,4,3305.28,7.49,6610.57,0,6610.57
2026-07-24,North,SMB,10,4,12,1366.12,7.66,5464.5,0,5464.5
2026-07-24,South,ENT,3,1,1,9190.02,5.64,9190.02,0,9190.02
2026-07-24,South,MID,5,2,4,3411.36,5.99,6822.72,0,6822.72
2026-07-24,South,SMB,11,4,12,1383.68,5.58,5534.72,0,5534.72
2026-07-24,East,ENT,2,1,1,9199.19,6.94,9199.19,0,9199.19
2026-07-24,East,MID,5,2,4,3324.23,6.06,6648.45,0,6648.45
2026-07-24,East,SMB,10,4,12,1336.06,5.76,5344.22,0,5344.22
2026-07-24,West,ENT,3,1,1,9269.17,6.15,9269.17,0,9269.17
2026-07-24,West,MID,5,2,4,3495.52,5.14,6991.03,0,6991.03
2026-07-24,West,SMB,10,3,9,1361.95,6.69,4085.85,0,4085.85
2026-07-25,North,ENT,2,1,1,9228.0,5.92,9228.0,0,9228.0
2026-07-25,North,MID,4,1,2,3272.46,7.09,3272.46,0,3272.46
2026-07-25,North,SMB,7,3,9,1322.91,5.87,3968.72,0,3968.72
2026-07-25,South,ENT,2,1,1,9467.15,4.98,9467.15,0,9467.15
2026-07-25,South,MID,4,1,2,3445.78,4.52,3445.78,0,3445.78
2026-07-25,South,SMB,8,3,9,1371.01,6.08,4113.04,0,4113.04
2026-07-25,East,ENT,1,0,0,9127.84,7.28,0.0,0,0.0
2026-07-25,East,MID,3,1,2,3464.21,5.97,3464.21,0,3464.21
2026-07-25,East,SMB,6,2,6,1359.96,6.34,2719.91,0,2719.91
2026-07-25,West,ENT,2,1,1,9167.24,6.51,9167.24,0,9167.24
2026-07-25,West,MID,3,1,2,3339.99,6.92,3339.99,0,3339.99
2026-07-25,West,SMB,6,2,6,1377.1,4.74,2754.19,0,2754.19
2026-07-26,North,ENT,2,1,1,9310.18,5.51,9310.18,0,9310.18
2026-07-26,North,MID,3,1,2,3342.52,7.99,3342.52,0,3342.52
2026-07-26,North,SMB,6,2,6,1352.66,5.65,2705.32,0,2705.32
2026-07-26,South,ENT,1,0,0,9090.14,5.76,0.0,0,0.0
2026-07-26,South,MID,3,1,2,3490.69,5.44,3490.69,0,3490.69
2026-07-26,South,SMB,8,3,9,1358.41,7.13,4075.22,0,4075.22
2026-07-26,East,ENT,1,0,0,9123.68,4.05,0.0,0,0.0
2026-07-26,East,MID,3,1,2,3297.25,6.32,3297.25,0,3297.25
2026-07-26,East,SMB,5,2,6,1391.64,5.91,2783.29,0,2783.29
2026-07-26,West,ENT,1,0,0,9489.38,5.06,0.0,0,0.0
2026-07-26,West,MID,3,1,2,3354.91,6.67,3354.91,0,3354.91
2026-07-26,West,SMB,6,2,6,1370.69,4.67,2741.38,0,2741.38
2026-07-27,North,ENT,3,1,1,9117.97,4.58,9117.97,0,9117.97
2026-07-27,North,MID,8,3,6,3365.2,5.42,10095.61,0,10095.61
2026-07-27,North,SMB,12,4,12,1339.17,6.02,5356.69,0,5356.69
2026-07-27,South,ENT,3,1,1,9089.22,5.81,9089.22,0,9089.22
2026-07-27,South,MID,6,2,4,3437.42,6.83,6874.84,0,6874.84
2026-07-27,South,SMB,14,5,15,1319.89,7.54,6599.44,0,6599.44
2026-07-27,East,ENT,3,1,1,9278.84,6.09,9278.84,0,9278.84
2026-07-27,East,MID,5,2,4,3400.35,6.54,6800.7,0,6800.7
2026-07-27,East,SMB,10,3,9,1382.61,3.93,4147.83,0,4147.83
2026-07-27,West,ENT,3,1,1,9229.29,6.27,9229.29,0,9229.29
2026-07-27,West,MID,5,2,4,3376.03,6.7,6752.06,0,6752.06
2026-07-27,West,SMB,12,4,12,1332.37,7.42,5329.48,0,5329.48
2026-07-28,North,ENT,4,1,1,9472.63,6.33,9472.63,0,9472.63
2026-07-28,North,MID,6,2,4,3396.21,5.63,6792.43,0,6792.43
2026-07-28,North,SMB,13,5,15,1369.21,6.41,6846.03,0,6846.03
2026-07-28,South,ENT,3,1,1,9032.87,6.63,9032.87,0,9032.87
2026-07-28,South,MID,5,2,4,3412.42,6.49,6824.84,0,6824.84
2026-07-28,South,SMB,14,4,12,1394.59,5.1,5578.34,0,5578.34
2026-07-28,East,ENT,2,1,1,9337.94,5.44,9337.94,0,9337.94
2026-07-28,East,MID,5,2,4,3541.4,6.34,7082.81,0,7082.81
2026-07-28,East,SMB,9,3,9,1381.77,5.51,4145.31,0,4145.31
2026-07-28,West,ENT,3,1,1,9188.32,5.3,9188.32,0,9188.32
2026-07-28,West,MID,4,1,2,3414.91,6.32,3414.91,0,3414.91
2026-07-28,West,SMB,11,3,9,1328.83,5.94,3986.48,0,3986.48
2026-07-29,North,ENT,3,1,1,9268.16,3.86,9268.16,0,9268.16
2026-07-29,North,MID,7,2,4,3388.89,6.05,6777.79,0,6777.79
2026-07-29,North,SMB,12,4,12,1378.6,5.0,5514.4,0,5514.4
2026-07-29,South,ENT,3,1,1,9072.07,7.76,9072.07,0,9072.07
2026-07-29,South,MID,6,2,4,3370.78,6.32,6741.57,0,6741.57
2026-07-29,South,SMB,14,5,15,1337.93,8.36,6689.66,0,6689.66
2026-07-29,East,ENT,3,1,1,9216.08,5.61,9216.08,0,9216.08
2026-07-29,East,MID,5,2,4,3376.04,4.95,6752.08,0,6752.08
2026-07-29,East,SMB,10,3,9,1354.61,5.86,4063.82,0,4063.82
2026-07-29,West,ENT,3,1,1,9306.92,5.95,9306.92,0,9306.92
2026-07-29,West,MID,6,2,4,3358.86,6.81,6717.71,0,6717.71
2026-07-29,West,SMB,10,4,12,1347.66,6.42,5390.63,0,5390.63
2026-07-30,North,ENT,4,1,1,9473.04,6.3,9473.04,0,9473.04
2026-07-30,North,MID,7,2,4,3468.21,3.98,6936.41,0,6936.41
2026-07-30,North,SMB,11,4,12,1368.91,6.29,5475.63,0,5475.63
2026-07-30,South,ENT,3,1,1,9198.95,6.99,9198.95,0,9198.95
2026-07-30,South,MID,6,2,4,3243.73,7.74,6487.46,0,6487.46
2026-07-30,South,SMB,13,5,15,1421.21,5.21,7106.03,0,7106.03
2026-07-30,East,ENT,2,1,1,9230.95,6.79,9230.95,0,9230.95
2026-07-30,East,MID,5,1,2,3354.93,6.55,3354.93,0,3354.93
2026-07-30,East,SMB,9,3,9,1381.07,5.56,4143.21,0,4143.21
2026-07-30,West,ENT,3,1,1,8982.41,5.58,8982.41,0,8982.41
2026-07-30,West,MID,5,2,4,3385.46,6.73,6770.92,0,6770.92
2026-07-30,West,SMB,10,3,9,1380.83,6.7,4142.5,0,4142.5
2026-07-31,North,ENT,3,1,1,9173.33,5.65,9173.33,0,9173.33
2026-07-31,North,MID,6,2,4,3258.38,7.47,6516.77,0,6516.77
2026-07-31,North,SMB,11,4,12,1342.84,5.57,5371.37,0,5371.37
2026-07-31,South,ENT,2,1,1,9056.25,5.58,9056.25,0,9056.25
2026-07-31,South,MID,5,2,4,3311.19,6.72,6622.37,0,6622.37
2026-07-31,South,SMB,13,4,12,1393.06,5.54,5572.22,0,5572.22
2026-07-31,East,ENT,3,1,1,9272.38,4.8,9272.38,0,9272.38
2026-07-31,East,MID,4,1,2,3431.82,6.57,3431.82,0,3431.82
2026-07-31,East,SMB,9,3,9,1331.42,6.49,3994.26,0,3994.26
2026-07-31,West,ENT,2,1,1,9275.79,6.62,9275.79,0,9275.79
2026-07-31,West,MID,5,2,4,3312.28,6.86,6624.56,0,6624.56
2026-07-31,West,SMB,9,3,9,1351.0,6.36,4052.99,0,4052.99
2026-08-01,North,ENT,2,1,1,9357.04,5.67,9357.04,0,9357.04
2026-08-01,North,MID,4,1,2,3477.47,5.8,3477.47,0,3477.47
2026-08-01,North,SMB,6,2,6,1381.43,5.99,2762.86,0,2762.86
2026-08-01,South,ENT,1,0,0,9287.35,5.42,0.0,0,0.0
2026-08-01,South,MID,3,1,2,3415.13,5.51,3415.13,0,3415.13
2026-08-01,South,SMB,8,3,9,1389.81,6.58,4169.43,0,4169.43
2026-08-01,East,ENT,2,1,1,9339.93,5.88,9339.93,0,9339.93
2026-08-01,East,MID,3,1,2,3318.72,6.47,3318.72,0,3318.72
2026-08-01,East,SMB,7,2,6,1324.38,7.34,2648.75,0,2648.75
2026-08-01,West,ENT,2,1,1,9313.52,5.38,9313.52,0,9313.52
2026-08-01,West,MID,3,1,2,3403.71,5.67,3403.71,0,3403.71
2026-08-01,West,SMB,6,2,6,1315.97,7.47,2631.93,0,2631.93
2026-08-02,North,ENT,2,1,1,9306.1,6.5,9306.1,0,9306.1
2026-08-02,North,MID,3,1,2,3492.93,5.17,3492.93,0,3492.93
2026-08-02,North,SMB,5,2,6,1381.58,6.09,2763.17,0,2763.17
2026-08-02,South,ENT,1,0,0,9180.29,4.17,0.0,0,0.0
2026-08-02,South,MID,3,1,2,3275.12,5.21,3275.12,0,3275.12
2026-08-02,South,SMB,8,3,9,1363.52,5.03,4090.56,0,4090.56
2026-08-02,East,ENT,1,0,0,9195.29,6.04,0.0,0,0.0
2026-08-02,East,MID,2,1,2,3356.61,6.11,3356.61,0,3356.61
2026-08-02,East,SMB,6,2,6,1361.41,6.52,2722.83,0,2722.83
2026-08-02,West,ENT,1,0,0,9091.75,4.77,0.0,0,0.0
2026-08-02,West,MID,3,1,2,3439.31,4.82,3439.31,0,3439.31
2026-08-02,West,SMB,5,2,6,1327.92,6.59,2655.84,0,2655.84
2026-08-03,North,ENT,3,1,1,9326.33,6.59,9326.33,0,9326.33
2026-08-03,North,MID,6,2,4,3363.96,6.38,6727.92,0,6727.92
2026-08-03,North,SMB,11,3,9,1358.71,4.76,4076.12,0,4076.12
2026-08-03,South,ENT,2,1,1,9085.03,7.23,9085.03,0,9085.03
2026-08-03,South,MID,5,2,4,3283.39,7.76,6566.78,0,6566.78
2026-08-03,South,SMB,15,5,15,1351.66,6.88,6758.29,0,6758.29
2026-08-03,East,ENT,2,1,1,9336.94,5.37,9336.94,0,9336.94
2026-08-03,East,MID,5,2,4,3424.25,5.76,6848.5,0,6848.5
2026-08-03,East,SMB,11,4,12,1361.56,5.13,5446.25,0,5446.25
2026-08-03,West,ENT,2,1,1,9152.53,5.0,9152.53,0,9152.53
2026-08-03,West,MID,6,2,4,3377.92,6.1,6755.84,0,6755.84
2026-08-03,West,SMB,11,4,12,1358.3,6.81,5433.21,0,5433.21
2026-08-04,North,ENT,3,1,1,9563.32,5.04,9563.32,0,9563.32
2026-08-04,North,MID,7,2,4,3501.57,5.48,7003.14,0,7003.14
2026-08-04,North,SMB,10,3,9,1352.78,5.84,4058.34,0,4058.34
2026-08-04,South,ENT,3,1,1,9296.9,5.94,9296.9,0,9296.9
2026-08-04,South,MID,6,2,4,3353.09,5.51,6706.18,0,6706.18
2026-08-04,South,SMB,13,4,12,1362.88,5.03,5451.53,0,5451.53
2026-08-04,East,ENT,3,1,1,9457.84,5.14,9457.84,0,9457.84
2026-08-04,East,MID,5,2,4,3358.33,5.14,6716.66,0,6716.66
2026-08-04,East,SMB,9,3,9,1353.09,6.65,4059.28,0,4059.28
2026-08-04,West,ENT,3,1,1,9227.61,5.6,9227.61,0,9227.61
2026-08-04,West,MID,5,2,4,3349.01,5.36,6698.02,0,6698.02
2026-08-04,West,SMB,11,4,12,1351.06,5.56,5404.25,0,5404.25
2026-08-05,North,ENT,3,1,1,9212.8,8.6,9212.8,0,9212.8
2026-08-05,North,MID,6,2,4,3474.72,6.35,6949.45,0,6949.45
2026-08-05,North,SMB,13,4,12,1325.85,5.19,5303.4,0,5303.4
2026-08-05,South,ENT,3,1,1,9489.64,5.77,9489.64,0,9489.64
2026-08-05,South,MID,5,2,4,3382.86,5.64,6765.71,0,6765.71
2026-08-05,South,SMB,12,4,12,1383.77,5.7,5535.08,0,5535.08
2026-08-05,East,ENT,2,1,1,8945.32,6.08,8945.32,0,8945.32
2026-08-05,East,MID,5,2,4,3338.64,6.31,6677.27,0,6677.27
2026-08-05,East,SMB,9,3,9,1388.58,6.89,4165.73,0,4165.73
2026-08-05,West,ENT,3,1,1,9253.01,5.74,9253.01,0,9253.01
2026-08-05,West,MID,5,2,4,3232.13,8.37,6464.25,0,6464.25
2026-08-05,West,SMB,12,4,12,1336.78,6.67,5347.13,0,5347.13
2026-08-06,North,ENT,3,1,1,9504.61,5.91,9504.61,0,9504.61
2026-08-06,North,MID,8,3,6,3393.65,6.45,10180.94,0,10180.94
2026-08-06,North,SMB,11,4,12,1342.05,5.83,5368.22,0,5368.22
2026-08-06,South,ENT,3,1,1,9379.23,4.35,9379.23,0,9379.23
2026-08-06,South,MID,6,2,4,3373.07,5.4,6746.13,0,6746.13
2026-08-06,South,SMB,13,4,12,1368.59,6.23,5474.35,0,5474.35
2026-08-06,East,ENT,2,1,1,9448.48,5.18,9448.48,0,9448.48
2026-08-06,East,MID,5,2,4,3419.9,4.97,6839.79,0,6839.79
2026-08-06,East,SMB,9,3,9,1393.03,5.49,4179.1,0,4179.1
2026-08-06,West,ENT,2,1,1,9280.92,5.43,9280.92,0,9280.92
2026-08-06,West,MID,6,2,4,3325.95,8.28,6651.91,0,6651.91
2026-08-06,West,SMB,10,3,9,1342.66,7.13,4027.98,0,4027.98
2026-08-07,North,ENT,3,1,1,9239.66,5.0,9239.66,0,9239.66
2026-08-07,North,MID,5,2,4,3342.66,6.73,6685.33,0,6685.33
2026-08-07,North,SMB,11,3,9,1315.7,6.09,3947.09,0,3947.09
2026-08-07,South,ENT,3,1,1,9188.56,6.65,9188.56,0,9188.56
2026-08-07,South,MID,5,2,4,3276.44,6.41,6552.88,0,6552.88
2026-08-07,South,SMB,11,4,12,1388.27,6.46,5553.06,0,5553.06
2026-08-07,East,ENT,2,1,1,9312.66,4.72,9312.66,0,9312.66
2026-08-07,East,MID,4,1,2,3453.65,6.36,3453.65,0,3453.65
2026-08-07,East,SMB,8,3,9,1365.5,4.89,4096.49,0,4096.49
2026-08-07,West,ENT,2,1,1,9157.49,7.82,9157.49,0,9157.49
2026-08-07,West,MID,5,2,4,3440.71,4.97,6881.41,0,6881.41
2026-08-07,West,SMB,9,3,9,1327.25,6.14,3981.75,0,3981.75
2026-08-08,North,ENT,2,1,1,9245.91,5.03,9245.91,0,9245.91
2026-08-08,North,MID,4,2,4,3439.96,6.95,6879.91,0,6879.91
2026-08-08,North,SMB,7,2,6,1352.05,7.69,2704.11,0,2704.11
2026-08-08,South,ENT,1,0,0,9174.99,5.47,0.0,0,0.0
2026-08-08,South,MID,4,1,2,3506.54,3.58,3506.54,0,3506.54
2026-08-08,South,SMB,6,2,6,1286.4,10.24,2572.8,0,2572.8
2026-08-08,East,ENT,1,0,0,9280.09,5.41,0.0,0,0.0
2026-08-08,East,MID,3,1,2,3435.25,6.75,3435.25,0,3435.25
2026-08-08,East,SMB,5,2,6,1385.8,4.04,2771.6,0,2771.6
2026-08-08,West,ENT,1,0,0,9175.39,5.49,0.0,0,0.0
2026-08-08,West,MID,4,1,2,3382.56,6.85,3382.56,0,3382.56
2026-08-08,West,SMB,5,2,6,1341.51,5.53,2683.02,0,2683.02
2026-08-09,North,ENT,2,1,1,9567.56,4.95,9567.56,0,9567.56
2026-08-09,North,MID,3,1,2,3476.76,5.51,3476.76,0,3476.76
2026-08-09,North,SMB,6,2,6,1379.9,6.68,2759.8,0,2759.8
2026-08-09,South,ENT,1,0,0,9290.67,6.63,0.0,0,0.0
2026-08-09,South,MID,3,1,2,3478.95,6.17,3478.95,0,3478.95
2026-08-09,South,SMB,6,2,6,1278.99,10.75,2557.99,0,2557.99
2026-08-09,East,ENT,1,0,0,9231.39,6.67,0.0,0,0.0
2026-08-09,East,MID,3,1,2,3474.78,6.27,3474.78,0,3474.78
2026-08-09,East,SMB,5,2,6,1340.03,6.38,2680.06,0,2680.06
2026-08-09,West,ENT,1,0,0,8994.4,7.4,0.0,0,0.0
2026-08-09,West,MID,3,1,2,3468.09,5.66,3468.09,0,3468.09
2026-08-09,West,SMB,6,2,6,1351.26,5.88,2702.52,0,2702.52
2026-08-10,North,ENT,3,1,1,9412.49,5.55,9412.49,0,9412.49
2026-08-10,North,MID,6,2,4,3374.65,7.96,6749.29,0,6749.29
2026-08-10,North,SMB,11,4,12,1364.64,6.99,5458.55,0,5458.55
2026-08-10,South,ENT,3,1,1,8900.44,5.83,8900.44,0,8900.44
2026-08-10,South,MID,7,2,4,3272.87,7.14,6545.75,0,6545.75
2026-08-10,South,SMB,12,4,12,1319.51,8.63,5278.05,0,5278.05
2026-08-10,East,ENT,3,1,1,9243.16,5.51,9243.16,0,9243.16
2026-08-10,East,MID,4,1,2,3365.16,6.02,3365.16,0,3365.16
2026-08-10,East,SMB,8,3,9,1356.66,7.47,4069.97,0,4069.97
2026-08-10,West,ENT,2,1,1,9136.39,7.34,9136.39,0,9136.39
2026-08-10,West,MID,6,2,4,3345.82,5.49,6691.65,0,6691.65
2026-08-10,West,SMB,9,3,9,1345.42,6.22,4036.27,0,4036.27
2026-08-11,North,ENT,3,1,1,9268.32,5.78,9268.32,0,9268.32
2026-08-11,North,MID,6,2,4,3407.91,5.32,6815.83,0,6815.83
2026-08-11,North,SMB,11,4,12,1334.42,6.88,5337.66,0,5337.66
2026-08-11,South,ENT,3,1,1,9565.22,5.55,9565.22,0,9565.22
2026-08-11,South,MID,6,2,4,3345.93,6.43,6691.86,0,6691.86
2026-08-11,South,SMB,12,4,12,1325.85,8.22,5303.41,0,5303.41
2026-08-11,East,ENT,2,1,1,9290.59,6.75,9290.59,0,9290.59
2026-08-11,East,MID,6,2,4,3431.7,5.61,6863.4,0,6863.4
2026-08-11,East,SMB,11,3,9,1388.82,4.92,4166.47,0,4166.47
2026-08-11,West,ENT,3,1,1,9127.39,6.64,9127.39,0,9127.39
2026-08-11,West,MID,5,2,4,3404.32,5.68,6808.65,0,6808.65
2026-08-11,West,SMB,11,4,12,1363.36,4.83,5453.46,0,5453.46
2026-08-12,North,ENT,3,1,1,9118.7,6.16,9118.7,0,9118.7
2026-08-12,North,MID,7,2,4,3353.33,6.56,6706.66,0,6706.66
2026-08-12,North,SMB,11,4,12,1360.11,7.8,5440.42,0,5440.42
2026-08-12,South,ENT,3,1,1,9309.13,6.58,9309.13,0,9309.13
2026-08-12,South,MID,7,2,4,3395.11,6.12,6790.22,0,6790.22
2026-08-12,South,SMB,13,3,9,1334.79,8.07,4004.38,0,4004.38
2026-08-12,East,ENT,2,1,1,9077.96,5.93,9077.96,0,9077.96
2026-08-12,East,MID,5,2,4,3429.86,3.94,6859.72,0,6859.72
2026-08-12,East,SMB,10,3,9,1364.58,5.17,4093.73,0,4093.73
2026-08-12,West,ENT,2,1,1,9045.09,7.7,9045.09,0,9045.09
2026-08-12,West,MID,5,2,4,3443.55,5.06,6887.1,0,6887.1
2026-08-12,West,SMB,9,3,9,1360.67,6.94,4082.0,0,4082.0
2026-08-13,North,ENT,3,1,1,9179.61,4.57,9179.61,0,9179.61
2026-08-13,North,MID,6,2,4,3419.76,5.97,6839.53,0,6839.53
2026-08-13,North,SMB,12,4,12,1344.16,6.31,5376.64,0,5376.64
2026-08-13,South,ENT,3,1,1,9356.02,6.5,9356.02,0,9356.02
2026-08-13,South,MID,5,2,4,3277.33,8.48,6554.66,0,6554.66
2026-08-13,South,SMB,11,2,6,1345.15,8.01,2690.3,0,2690.3
2026-08-13,East,ENT,2,1,1,9498.08,5.53,9498.08,0,9498.08
2026-08-13,East,MID,6,2,4,3459.36,4.4,6918.72,0,6918.72
2026-08-13,East,SMB,11,4,12,1393.21,6.5,5572.83,0,5572.83
2026-08-13,West,ENT,3,1,1,9407.98,5.24,9407.98,0,9407.98
2026-08-13,West,MID,6,2,4,3373.72,6.64,6747.43,0,6747.43
2026-08-13,West,SMB,10,4,12,1356.96,4.85,5427.84,0,5427.84
2026-08-14,North,ENT,3,1,1,8918.95,8.57,8918.95,0,8918.95
2026-08-14,North,MID,5,2,4,3363.01,5.55,6726.03,0,6726.03
2026-08-14,North,SMB,9,3,9,1427.89,5.09,4283.67,0,4283.67
2026-08-14,South,ENT,3,1,1,8914.51,7.1,8914.51,0,8914.51
2026-08-14,South,MID,6,2,4,3342.09,6.11,6684.18,0,6684.18
2026-08-14,South,SMB,13,3,9,1327.02,9.64,3981.07,0,3981.07
2026-08-14,East,ENT,2,1,1,9135.04,6.81,9135.04,0,9135.04
2026-08-14,East,MID,4,1,2,3385.64,6.66,3385.64,0,3385.64
2026-08-14,East,SMB,7,3,9,1366.22,5.8,4098.67,0,4098.67
2026-08-14,West,ENT,2,1,1,8905.08,6.72,8905.08,0,8905.08
2026-08-14,West,MID,5,2,4,3461.64,5.71,6923.27,0,6923.27
2026-08-14,West,SMB,9,3,9,1387.43,5.44,4162.28,0,4162.28
2026-08-15,North,ENT,2,1,1,9354.79,5.19,9354.79,0,9354.79
2026-08-15,North,MID,3,1,2,3386.68,7.23,3386.68,0,3386.68
2026-08-15,North,SMB,6,2,6,1347.82,4.95,2695.63,9,2695.63
2026-08-15,South,ENT,1,0,0,9358.6,5.79,0.0,9,0.0
2026-08-15,South,MID,3,1,2,3404.61,6.51,3404.61,0,3404.61
2026-08-15,South,SMB,8,1,3,1289.5,10.57,1289.5,9,1289.5
2026-08-15,East,ENT,2,1,1,9071.59,6.59,9071.59,0,9071.59
2026-08-15,East,MID,3,1,2,3427.19,4.54,3427.19,0,3427.19
2026-08-15,East,SMB,6,2,6,1363.05,5.89,2726.1,0,2726.1
2026-08-15,West,ENT,2,1,1,9356.81,6.38,9356.81,0,9356.81
2026-08-15,West,MID,3,1,2,3413.25,4.93,3413.25,0,3413.25
2026-08-15,West,SMB,5,2,6,1377.43,6.95,2754.86,0,2754.86
2026-08-16,North,ENT,2,1,1,9408.51,4.75,9408.51,9,9408.51
2026-08-16,North,MID,3,1,2,3362.3,5.52,3362.3,0,3362.3
2026-08-16,North,SMB,5,2,6,1342.38,6.11,2684.76,9,2684.76
2026-08-16,South,ENT,1,0,0,9360.42,4.14,0.0,0,0.0
2026-08-16,South,MID,3,1,2,3257.86,6.35,3257.86,0,3257.86
2026-08-16,South,SMB,7,1,3,1331.87,8.69,1331.87,0,1331.87
2026-08-16,East,ENT,1,0,0,8927.79,6.0,0.0,0,0.0
2026-08-16,East,MID,2,1,2,3259.14,7.17,3259.14,0,3259.14
2026-08-16,East,SMB,5,2,6,1328.92,6.94,2657.85,9,2657.85
2026-08-16,West,ENT,1,0,0,9382.43,4.23,0.0,0,0.0
2026-08-16,West,MID,3,1,2,3356.55,7.2,3356.55,0,3356.55
2026-08-16,West,SMB,5,2,6,1330.15,6.28,2660.3,0,2660.3
2026-08-17,North,ENT,3,1,1,9339.23,5.19,9339.23,9,9339.23
2026-08-17,North,MID,7,2,4,3352.7,8.32,6705.4,0,6705.4
2026-08-17,North,SMB,11,4,12,1356.09,5.5,5424.38,0,5424.38
2026-08-17,South,ENT,3,1,1,9197.15,5.27,9197.15,0,9197.15
2026-08-17,South,MID,5,2,4,3301.22,6.54,6602.43,9,6602.43
2026-08-17,South,SMB,12,2,6,1315.96,9.36,2631.92,0,2631.92
2026-08-17,East,ENT,2,1,1,9304.98,5.33,9304.98,0,9304.98
2026-08-17,East,MID,5,2,4,3389.95,6.19,6779.91,0,6779.91
2026-08-17,East,SMB,9,3,9,1365.01,5.7,4095.04,0,4095.04
2026-08-17,West,ENT,2,1,1,9289.75,6.33,9289.75,9,9289.75
2026-08-17,West,MID,5,2,4,3370.1,6.9,6740.21,0,6740.21
2026-08-17,West,SMB,10,4,12,1436.17,3.5,5744.7,9,5744.7
2026-08-18,North,ENT,3,1,1,9301.67,6.6,9301.67,0,9301.67
2026-08-18,North,MID,7,2,4,3439.78,5.37,6879.57,0,6879.57
2026-08-18,North,SMB,14,5,15,1373.79,5.89,6868.95,9,6868.95
2026-08-18,South,ENT,3,1,1,9234.06,6.49,9234.06,0,9234.06
2026-08-18,South,MID,5,2,4,3381.79,5.27,6763.57,0,6763.57
2026-08-18,South,SMB,15,3,9,1316.35,10.29,3949.06,0,3949.06
2026-08-18,East,ENT,2,1,1,9325.55,4.76,9325.55,9,9325.55
2026-08-18,East,MID,5,2,4,3353.86,5.25,6707.73,0,6707.73
2026-08-18,East,SMB,11,4,12,1374.97,4.65,5499.9,0,5499.9
2026-08-18,West,ENT,2,1,1,9268.87,4.02,9268.87,0,9268.87
2026-08-18,West,MID,5,2,4,3375.25,6.58,6750.5,9,6750.5
2026-08-18,West,SMB,9,3,9,1366.44,5.46,4099.33,0,4099.33
2026-08-19,North,ENT,3,1,1,9271.95,5.22,9271.95,0,9271.95
2026-08-19,North,MID,7,2,4,3437.37,4.16,6874.75,0,6874.75
2026-08-19,North,SMB,12,4,12,1393.8,6.1,5575.22,9,5575.22
2026-08-19,South,ENT,3,1,1,8957.56,7.68,8957.56,0,8957.56
2026-08-19,South,MID,7,2,4,3363.88,6.51,6727.77,9,6727.77
2026-08-19,South,SMB,9,2,6,1277.41,9.98,2554.83,9,2554.83
2026-08-19,East,ENT,3,1,1,9167.26,6.39,9167.26,0,9167.26
2026-08-19,East,MID,5,2,4,3419.79,5.24,6839.57,9,6839.57
2026-08-19,East,SMB,9,3,9,1371.12,4.18,4113.36,0,4113.36
2026-08-19,West,ENT,2,1,1,8997.17,5.35,8997.17,0,8997.17
2026-08-19,West,MID,6,2,4,3366.54,6.77,6733.09,0,6733.09
2026-08-19,West,SMB,9,3,9,1398.53,5.87,4195.6,0,4195.6
2026-08-20,North,ENT,3,1,1,9031.27,7.21,9031.27,9,0
2026-08-20,North,MID,7,2,4,3362.63,6.0,6725.26,0,6725.26
2026-08-20,North,SMB,12,4,12,1332.82,7.56,5331.27,0,5331.27
2026-08-20,South,ENT,2,1,1,9272.16,6.39,9272.16,9,0
2026-08-20,South,MID,6,2,4,3385.57,6.74,6771.14,0,6771.14
2026-08-20,South,SMB,12,2,6,1284.74,10.74,2569.48,0,2569.48
2026-08-20,East,ENT,2,1,1,9262.43,5.76,9262.43,9,0
2026-08-20,East,MID,5,2,4,3347.32,6.13,6694.65,0,6694.65
2026-08-20,East,SMB,7,2,6,1325.41,6.21,2650.82,0,2650.82
2026-08-20,West,ENT,3,1,1,8952.9,6.68,8952.9,0,8952.9
2026-08-20,West,MID,5,2,4,3385.67,5.5,6771.34,9,0
2026-08-20,West,SMB,10,3,9,1368.84,7.31,4106.51,0,4106.51
2026-08-21,North,ENT,3,1,1,9000.73,7.28,9000.73,0,9000.73
2026-08-21,North,MID,5,2,4,3400.33,5.51,6800.67,0,6800.67
2026-08-21,North,SMB,12,4,12,1346.36,6.19,5385.44,0,5385.44
2026-08-21,South,ENT,3,1,1,9139.83,6.81,9139.83,0,9139.83
2026-08-21,South,MID,5,2,4,3426.47,6.7,6852.94,0,6852.94
2026-08-21,South,SMB,11,2,6,1333.96,8.37,2667.93,0,2667.93
2026-08-21,East,ENT,2,1,1,9011.88,5.84,9011.88,0,9011.88
2026-08-21,East,MID,4,2,4,3432.45,6.15,6864.9,9,0
2026-08-21,East,SMB,10,3,9,1386.94,5.17,4160.83,0,4160.83
2026-08-21,West,ENT,3,1,1,9344.77,5.26,9344.77,0,9344.77
2026-08-21,West,MID,5,2,4,3292.45,6.25,6584.89,9,0
2026-08-21,West,SMB,8,3,9,1324.95,6.77,3974.84,0,3974.84
2026-08-22,North,ENT,2,1,1,9053.52,5.97,9053.52,0,9053.52
2026-08-22,North,MID,4,1,2,3391.02,5.25,3391.02,0,3391.02
2026-08-22,North,SMB,8,3,9,1390.46,4.59,4171.39,0,4171.39
2026-08-22,South,ENT,2,1,1,9199.5,5.82,9199.5,0,9199.5
2026-08-22,South,MID,3,1,2,3416.07,5.84,3416.07,9,0
2026-08-22,South,SMB,8,2,6,1324.11,9.13,2648.23,0,2648.23
2026-08-22,East,ENT,1,0,0,9209.87,5.0,0.0,0,0.0
2026-08-22,East,MID,3,1,2,3460.89,5.24,3460.89,9,0
2026-08-22,East,SMB,6,2,6,1364.13,5.9,2728.26,0,2728.26
2026-08-22,West,ENT,2,1,1,9397.71,7.06,9397.71,9,0
2026-08-22,West,MID,3,1,2,3327.74,7.72,3327.74,0,3327.74
2026-08-22,West,SMB,6,2,6,1360.6,6.96,2721.21,0,2721.21
2026-08-23,North,ENT,2,1,1,9051.85,6.68,9051.85,9,0
2026-08-23,North,MID,3,1,2,3297.01,6.97,3297.01,0,3297.01
2026-08-23,North,SMB,6,2,6,1381.06,4.95,2762.12,0,2762.12
2026-08-23,South,ENT,2,1,1,9351.78,4.56,9351.78,0,9351.78
2026-08-23,South,MID,3,1,2,3496.77,4.64,3496.77,0,3496.77
2026-08-23,South,SMB,6,1,3,1282.3,10.25,1282.3,0,1282.3
2026-08-23,East,ENT,1,0,0,8982.54,7.71,0.0,9,0
2026-08-23,East,MID,3,1,2,3458.16,5.38,3458.16,0,3458.16
2026-08-23,East,SMB,6,2,6,1352.24,6.21,2704.48,0,2704.48
2026-08-23,West,ENT,1,0,0,9268.7,5.5,0.0,0,0.0
2026-08-23,West,MID,2,1,2,3385.0,5.89,3385.0,0,3385.0
2026-08-23,West,SMB,5,2,6,1338.75,6.47,2677.49,9,0
2026-08-24,North,ENT,3,1,1,9195.26,5.01,9195.26,0,9195.26
2026-08-24,North,MID,6,2,4,3425.02,5.49,6850.04,0,6850.04
2026-08-24,North,SMB,11,4,12,1374.78,5.58,5499.11,9,0
2026-08-24,South,ENT,3,1,1,9298.39,5.19,9298.39,0,9298.39
2026-08-24,South,MID,6,2,4,3326.5,7.0,6653.01,9,0
2026-08-24,South,SMB,12,2,6,1289.52,9.65,2579.04,0,2579.04
2026-08-24,East,ENT,2,1,1,9324.82,5.87,9324.82,0,9324.82
2026-08-24,East,MID,5,2,4,3481.37,4.98,6962.75,0,6962.75
2026-08-24,East,SMB,12,4,12,1325.16,8.2,5300.65,0,5300.65
2026-08-24,West,ENT,2,1,1,9089.04,6.09,9089.04,0,9089.04
2026-08-24,West,MID,5,2,4,3307.5,6.71,6615.01,9,0
2026-08-24,West,SMB,10,3,9,1368.77,5.97,4106.3,0,4106.3
2026-08-25,North,ENT,3,1,1,9013.86,7.52,9013.86,0,9013.86
2026-08-25,North,MID,7,2,4,3439.01,6.9,6878.02,0,6878.02
2026-08-25,North,SMB,11,4,12,1369.58,6.89,5478.33,0,5478.33
2026-08-25,South,ENT,3,1,1,8913.03,7.14,8913.03,0,8913.03
2026-08-25,South,MID,6,2,4,3345.73,6.01,6691.47,0,6691.47
2026-08-25,South,SMB,12,2,6,1275.08,11.84,2550.17,9,0
2026-08-25,East,ENT,2,1,1,9185.38,6.18,9185.38,9,0
2026-08-25,East,MID,5,2,4,3405.5,4.41,6811.0,0,6811.0
2026-08-25,East,SMB,8,2,6,1359.09,6.92,2718.18,0,2718.18
2026-08-25,West,ENT,2,1,1,9226.36,6.33,9226.36,9,0
2026-08-25,West,MID,5,2,4,3345.28,7.12,6690.55,9,0
2026-08-25,West,SMB,11,3,9,1351.95,7.18,4055.85,0,4055.85
2026-08-26,North,ENT,3,1,1,9029.81,6.94,9029.81,0,9029.81
2026-08-26,North,MID,6,2,4,3402.08,5.05,6804.16,0,6804.16
2026-08-26,North,SMB,11,4,12,1381.49,4.47,5525.95,0,5525.95
2026-08-26,South,ENT,2,1,1,9382.29,5.42,9382.29,0,9382.29
2026-08-26,South,MID,6,2,4,3373.39,4.75,6746.78,9,0
2026-08-26,South,SMB,12,2,6,1308.03,10.32,2616.05,9,0
2026-08-26,East,ENT,2,1,1,9231.13,5.17,9231.13,9,0
2026-08-26,East,MID,5,2,4,3420.09,4.45,6840.17,0,6840.17
2026-08-26,East,SMB,9,3,9,1310.04,5.79,3930.11,0,3930.11
2026-08-26,West,ENT,2,1,1,9305.13,6.51,9305.13,9,0
2026-08-26,West,MID,5,2,4,3409.55,4.64,6819.09,0,6819.09
2026-08-26,West,SMB,9,3,9,1394.09,5.55,4182.26,0,4182.26
2026-08-27,North,ENT,3,1,1,9058.77,9.26,9058.77,0,9058.77
2026-08-27,North,MID,5,2,4,3330.06,6.35,6660.12,0,6660.12
2026-08-27,North,SMB,12,4,12,1362.35,4.18,5449.39,0,5449.39
2026-08-27,South,ENT,3,1,1,9158.81,6.98,9158.81,0,9158.81
2026-08-27,South,MID,5,2,4,3416.85,4.06,6833.69,0,6833.69
2026-08-27,South,SMB,13,2,6,1337.99,9.19,2675.98,0,2675.98
2026-08-27,East,ENT,2,1,1,9402.3,4.76,9402.3,9,0
2026-08-27,East,MID,4,1,2,3456.7,5.66,3456.7,9,0
2026-08-27,East,SMB,9,3,9,1392.31,3.96,4176.92,0,4176.92
2026-08-27,West,ENT,3,1,1,9335.66,5.19,9335.66,9,0
2026-08-27,West,MID,5,2,4,3450.49,6.94,6900.97,0,6900.97
2026-08-27,West,SMB,9,3,9,1303.57,7.51,3910.7,9,0
2026-08-28,North,ENT,3,1,1,8965.31,6.91,8965.31,9,0
2026-08-28,North,MID,6,2,4,3365.41,5.65,6730.81,0,6730.81
2026-08-28,North,SMB,11,4,12,1392.58,5.99,5570.34,9,0
2026-08-28,South,ENT,3,1,1,9304.11,4.72,9304.11,0,9304.11
2026-08-28,South,MID,5,2,4,3453.98,4.64,6907.96,9,0
2026-08-28,South,SMB,11,2,6,1337.56,7.16,2675.12,0,2675.12
2026-08-28,East,ENT,2,1,1,8852.44,8.05,8852.44,9,0
2026-08-28,East,MID,5,2,4,3352.72,8.52,6705.44,0,6705.44
2026-08-28,East,SMB,9,3,9,1351.21,6.89,4053.63,0,4053.63
2026-08-28,West,ENT,3,1,1,9010.15,6.51,9010.15,0,9010.15
2026-08-28,West,MID,6,2,4,3415.9,6.68,6831.8,0,6831.8
2026-08-28,West,SMB,11,4,12,1378.87,4.26,5515.47,9,0
